"participant","year","signature","ratification","accession","succession","cat_ratify"
"Afghanistan",1981,0,0,0,0,0
"Afghanistan",1982,0,0,0,0,0
"Afghanistan",1983,0,0,0,0,0
"Afghanistan",1984,0,0,0,0,0
"Afghanistan",1985,1,0,0,0,0
"Afghanistan",1986,1,0,0,0,0
"Afghanistan",1987,1,1,0,0,1
"Afghanistan",1988,1,1,0,0,1
"Afghanistan",1989,1,1,0,0,1
"Afghanistan",1990,1,1,0,0,1
"Afghanistan",1991,1,1,0,0,1
"Afghanistan",1992,1,1,0,0,1
"Afghanistan",1993,1,1,0,0,1
"Afghanistan",1994,1,1,0,0,1
"Afghanistan",1995,1,1,0,0,1
"Afghanistan",1996,1,1,0,0,1
"Afghanistan",1997,1,1,0,0,1
"Afghanistan",1998,1,1,0,0,1
"Afghanistan",1999,1,1,0,0,1
"Albania",1981,0,0,0,0,0
"Albania",1982,0,0,0,0,0
"Albania",1983,0,0,0,0,0
"Albania",1984,0,0,0,0,0
"Albania",1985,0,0,0,0,0
"Albania",1986,0,0,0,0,0
"Albania",1987,0,0,0,0,0
"Albania",1988,0,0,0,0,0
"Albania",1989,0,0,0,0,0
"Albania",1990,0,0,0,0,0
"Albania",1991,0,0,0,0,0
"Albania",1992,0,0,0,0,0
"Albania",1993,0,0,0,0,0
"Albania",1994,0,0,1,0,1
"Albania",1995,0,0,1,0,1
"Albania",1996,0,0,1,0,1
"Albania",1997,0,0,1,0,1
"Albania",1998,0,0,1,0,1
"Albania",1999,0,0,1,0,1
"Algeria",1981,0,0,0,0,0
"Algeria",1982,0,0,0,0,0
"Algeria",1983,0,0,0,0,0
"Algeria",1984,0,0,0,0,0
"Algeria",1985,1,0,0,0,0
"Algeria",1986,1,0,0,0,0
"Algeria",1987,1,0,0,0,0
"Algeria",1988,1,0,0,0,0
"Algeria",1989,1,1,0,0,1
"Algeria",1990,1,1,0,0,1
"Algeria",1991,1,1,0,0,1
"Algeria",1992,1,1,0,0,1
"Algeria",1993,1,1,0,0,1
"Algeria",1994,1,1,0,0,1
"Algeria",1995,1,1,0,0,1
"Algeria",1996,1,1,0,0,1
"Algeria",1997,1,1,0,0,1
"Algeria",1998,1,1,0,0,1
"Algeria",1999,1,1,0,0,1
"Andorra",1981,0,0,0,0,0
"Andorra",1982,0,0,0,0,0
"Andorra",1983,0,0,0,0,0
"Andorra",1984,0,0,0,0,0
"Andorra",1985,0,0,0,0,0
"Andorra",1986,0,0,0,0,0
"Andorra",1987,0,0,0,0,0
"Andorra",1988,0,0,0,0,0
"Andorra",1989,0,0,0,0,0
"Andorra",1990,0,0,0,0,0
"Andorra",1991,0,0,0,0,0
"Andorra",1992,0,0,0,0,0
"Andorra",1993,0,0,0,0,0
"Andorra",1994,0,0,0,0,0
"Andorra",1995,0,0,0,0,0
"Andorra",1996,0,0,0,0,0
"Andorra",1997,0,0,0,0,0
"Andorra",1998,0,0,0,0,0
"Andorra",1999,0,0,0,0,0
"Angola",1981,0,0,0,0,0
"Angola",1982,0,0,0,0,0
"Angola",1983,0,0,0,0,0
"Angola",1984,0,0,0,0,0
"Angola",1985,0,0,0,0,0
"Angola",1986,0,0,0,0,0
"Angola",1987,0,0,0,0,0
"Angola",1988,0,0,0,0,0
"Angola",1989,0,0,0,0,0
"Angola",1990,0,0,0,0,0
"Angola",1991,0,0,0,0,0
"Angola",1992,0,0,0,0,0
"Angola",1993,0,0,0,0,0
"Angola",1994,0,0,0,0,0
"Angola",1995,0,0,0,0,0
"Angola",1996,0,0,0,0,0
"Angola",1997,0,0,0,0,0
"Angola",1998,0,0,0,0,0
"Angola",1999,0,0,0,0,0
"Antigua and Barbuda",1981,0,0,0,0,0
"Antigua and Barbuda",1982,0,0,0,0,0
"Antigua and Barbuda",1983,0,0,0,0,0
"Antigua and Barbuda",1984,0,0,0,0,0
"Antigua and Barbuda",1985,0,0,0,0,0
"Antigua and Barbuda",1986,0,0,0,0,0
"Antigua and Barbuda",1987,0,0,0,0,0
"Antigua and Barbuda",1988,0,0,0,0,0
"Antigua and Barbuda",1989,0,0,0,0,0
"Antigua and Barbuda",1990,0,0,0,0,0
"Antigua and Barbuda",1991,0,0,0,0,0
"Antigua and Barbuda",1992,0,0,0,0,0
"Antigua and Barbuda",1993,0,0,1,0,1
"Antigua and Barbuda",1994,0,0,1,0,1
"Antigua and Barbuda",1995,0,0,1,0,1
"Antigua and Barbuda",1996,0,0,1,0,1
"Antigua and Barbuda",1997,0,0,1,0,1
"Antigua and Barbuda",1998,0,0,1,0,1
"Antigua and Barbuda",1999,0,0,1,0,1
"Argentina",1981,0,0,0,0,0
"Argentina",1982,0,0,0,0,0
"Argentina",1983,0,0,0,0,0
"Argentina",1984,0,0,0,0,0
"Argentina",1985,1,0,0,0,0
"Argentina",1986,1,1,0,0,1
"Argentina",1987,1,1,0,0,1
"Argentina",1988,1,1,0,0,1
"Argentina",1989,1,1,0,0,1
"Argentina",1990,1,1,0,0,1
"Argentina",1991,1,1,0,0,1
"Argentina",1992,1,1,0,0,1
"Argentina",1993,1,1,0,0,1
"Argentina",1994,1,1,0,0,1
"Argentina",1995,1,1,0,0,1
"Argentina",1996,1,1,0,0,1
"Argentina",1997,1,1,0,0,1
"Argentina",1998,1,1,0,0,1
"Argentina",1999,1,1,0,0,1
"Armenia",1981,0,0,0,0,0
"Armenia",1982,0,0,0,0,0
"Armenia",1983,0,0,0,0,0
"Armenia",1984,0,0,0,0,0
"Armenia",1985,0,0,0,0,0
"Armenia",1986,0,0,0,0,0
"Armenia",1987,0,0,0,0,0
"Armenia",1988,0,0,0,0,0
"Armenia",1989,0,0,0,0,0
"Armenia",1990,0,0,0,0,0
"Armenia",1991,0,0,0,0,0
"Armenia",1992,0,0,0,0,0
"Armenia",1993,0,0,1,0,1
"Armenia",1994,0,0,1,0,1
"Armenia",1995,0,0,1,0,1
"Armenia",1996,0,0,1,0,1
"Armenia",1997,0,0,1,0,1
"Armenia",1998,0,0,1,0,1
"Armenia",1999,0,0,1,0,1
"Australia",1981,0,0,0,0,0
"Australia",1982,0,0,0,0,0
"Australia",1983,0,0,0,0,0
"Australia",1984,0,0,0,0,0
"Australia",1985,1,0,0,0,0
"Australia",1986,1,0,0,0,0
"Australia",1987,1,0,0,0,0
"Australia",1988,1,0,0,0,0
"Australia",1989,1,1,0,0,1
"Australia",1990,1,1,0,0,1
"Australia",1991,1,1,0,0,1
"Australia",1992,1,1,0,0,1
"Australia",1993,1,1,0,0,1
"Australia",1994,1,1,0,0,1
"Australia",1995,1,1,0,0,1
"Australia",1996,1,1,0,0,1
"Australia",1997,1,1,0,0,1
"Australia",1998,1,1,0,0,1
"Australia",1999,1,1,0,0,1
"Austria",1981,0,0,0,0,0
"Austria",1982,0,0,0,0,0
"Austria",1983,0,0,0,0,0
"Austria",1984,0,0,0,0,0
"Austria",1985,1,0,0,0,0
"Austria",1986,1,0,0,0,0
"Austria",1987,1,1,0,0,1
"Austria",1988,1,1,0,0,1
"Austria",1989,1,1,0,0,1
"Austria",1990,1,1,0,0,1
"Austria",1991,1,1,0,0,1
"Austria",1992,1,1,0,0,1
"Austria",1993,1,1,0,0,1
"Austria",1994,1,1,0,0,1
"Austria",1995,1,1,0,0,1
"Austria",1996,1,1,0,0,1
"Austria",1997,1,1,0,0,1
"Austria",1998,1,1,0,0,1
"Austria",1999,1,1,0,0,1
"Azerbaijan",1981,0,0,0,0,0
"Azerbaijan",1982,0,0,0,0,0
"Azerbaijan",1983,0,0,0,0,0
"Azerbaijan",1984,0,0,0,0,0
"Azerbaijan",1985,0,0,0,0,0
"Azerbaijan",1986,0,0,0,0,0
"Azerbaijan",1987,0,0,0,0,0
"Azerbaijan",1988,0,0,0,0,0
"Azerbaijan",1989,0,0,0,0,0
"Azerbaijan",1990,0,0,0,0,0
"Azerbaijan",1991,0,0,0,0,0
"Azerbaijan",1992,0,0,0,0,0
"Azerbaijan",1993,0,0,0,0,0
"Azerbaijan",1994,0,0,0,0,0
"Azerbaijan",1995,0,0,0,0,0
"Azerbaijan",1996,0,0,1,0,1
"Azerbaijan",1997,0,0,1,0,1
"Azerbaijan",1998,0,0,1,0,1
"Azerbaijan",1999,0,0,1,0,1
"Bahamas",1981,0,0,0,0,0
"Bahamas",1982,0,0,0,0,0
"Bahamas",1983,0,0,0,0,0
"Bahamas",1984,0,0,0,0,0
"Bahamas",1985,0,0,0,0,0
"Bahamas",1986,0,0,0,0,0
"Bahamas",1987,0,0,0,0,0
"Bahamas",1988,0,0,0,0,0
"Bahamas",1989,0,0,0,0,0
"Bahamas",1990,0,0,0,0,0
"Bahamas",1991,0,0,0,0,0
"Bahamas",1992,0,0,0,0,0
"Bahamas",1993,0,0,0,0,0
"Bahamas",1994,0,0,0,0,0
"Bahamas",1995,0,0,0,0,0
"Bahamas",1996,0,0,0,0,0
"Bahamas",1997,0,0,0,0,0
"Bahamas",1998,0,0,0,0,0
"Bahamas",1999,0,0,0,0,0
"Bahrain",1981,0,0,0,0,0
"Bahrain",1982,0,0,0,0,0
"Bahrain",1983,0,0,0,0,0
"Bahrain",1984,0,0,0,0,0
"Bahrain",1985,0,0,0,0,0
"Bahrain",1986,0,0,0,0,0
"Bahrain",1987,0,0,0,0,0
"Bahrain",1988,0,0,0,0,0
"Bahrain",1989,0,0,0,0,0
"Bahrain",1990,0,0,0,0,0
"Bahrain",1991,0,0,0,0,0
"Bahrain",1992,0,0,0,0,0
"Bahrain",1993,0,0,0,0,0
"Bahrain",1994,0,0,0,0,0
"Bahrain",1995,0,0,0,0,0
"Bahrain",1996,0,0,0,0,0
"Bahrain",1997,0,0,0,0,0
"Bahrain",1998,0,0,1,0,1
"Bahrain",1999,0,0,1,0,1
"Bangladesh",1981,0,0,0,0,0
"Bangladesh",1982,0,0,0,0,0
"Bangladesh",1983,0,0,0,0,0
"Bangladesh",1984,0,0,0,0,0
"Bangladesh",1985,0,0,0,0,0
"Bangladesh",1986,0,0,0,0,0
"Bangladesh",1987,0,0,0,0,0
"Bangladesh",1988,0,0,0,0,0
"Bangladesh",1989,0,0,0,0,0
"Bangladesh",1990,0,0,0,0,0
"Bangladesh",1991,0,0,0,0,0
"Bangladesh",1992,0,0,0,0,0
"Bangladesh",1993,0,0,0,0,0
"Bangladesh",1994,0,0,0,0,0
"Bangladesh",1995,0,0,0,0,0
"Bangladesh",1996,0,0,0,0,0
"Bangladesh",1997,0,0,0,0,0
"Bangladesh",1998,0,0,1,0,1
"Bangladesh",1999,0,0,1,0,1
"Belarus",1981,0,0,0,0,0
"Belarus",1982,0,0,0,0,0
"Belarus",1983,0,0,0,0,0
"Belarus",1984,0,0,0,0,0
"Belarus",1985,1,0,0,0,0
"Belarus",1986,1,0,0,0,0
"Belarus",1987,1,1,0,0,1
"Belarus",1988,1,1,0,0,1
"Belarus",1989,1,1,0,0,1
"Belarus",1990,1,1,0,0,1
"Belarus",1991,1,1,0,0,1
"Belarus",1992,1,1,0,0,1
"Belarus",1993,1,1,0,0,1
"Belarus",1994,1,1,0,0,1
"Belarus",1995,1,1,0,0,1
"Belarus",1996,1,1,0,0,1
"Belarus",1997,1,1,0,0,1
"Belarus",1998,1,1,0,0,1
"Belarus",1999,1,1,0,0,1
"Belgium",1981,0,0,0,0,0
"Belgium",1982,0,0,0,0,0
"Belgium",1983,0,0,0,0,0
"Belgium",1984,0,0,0,0,0
"Belgium",1985,1,0,0,0,0
"Belgium",1986,1,0,0,0,0
"Belgium",1987,1,0,0,0,0
"Belgium",1988,1,0,0,0,0
"Belgium",1989,1,0,0,0,0
"Belgium",1990,1,0,0,0,0
"Belgium",1991,1,0,0,0,0
"Belgium",1992,1,0,0,0,0
"Belgium",1993,1,0,0,0,0
"Belgium",1994,1,0,0,0,0
"Belgium",1995,1,0,0,0,0
"Belgium",1996,1,0,0,0,0
"Belgium",1997,1,0,0,0,0
"Belgium",1998,1,0,0,0,0
"Belgium",1999,1,1,0,0,1
"Belize",1981,0,0,0,0,0
"Belize",1982,0,0,0,0,0
"Belize",1983,0,0,0,0,0
"Belize",1984,0,0,0,0,0
"Belize",1985,0,0,0,0,0
"Belize",1986,0,0,1,0,1
"Belize",1987,0,0,1,0,1
"Belize",1988,0,0,1,0,1
"Belize",1989,0,0,1,0,1
"Belize",1990,0,0,1,0,1
"Belize",1991,0,0,1,0,1
"Belize",1992,0,0,1,0,1
"Belize",1993,0,0,1,0,1
"Belize",1994,0,0,1,0,1
"Belize",1995,0,0,1,0,1
"Belize",1996,0,0,1,0,1
"Belize",1997,0,0,1,0,1
"Belize",1998,0,0,1,0,1
"Belize",1999,0,0,1,0,1
"Benin",1981,0,0,0,0,0
"Benin",1982,0,0,0,0,0
"Benin",1983,0,0,0,0,0
"Benin",1984,0,0,0,0,0
"Benin",1985,0,0,0,0,0
"Benin",1986,0,0,0,0,0
"Benin",1987,0,0,0,0,0
"Benin",1988,0,0,0,0,0
"Benin",1989,0,0,0,0,0
"Benin",1990,0,0,0,0,0
"Benin",1991,0,0,0,0,0
"Benin",1992,0,0,1,0,1
"Benin",1993,0,0,1,0,1
"Benin",1994,0,0,1,0,1
"Benin",1995,0,0,1,0,1
"Benin",1996,0,0,1,0,1
"Benin",1997,0,0,1,0,1
"Benin",1998,0,0,1,0,1
"Benin",1999,0,0,1,0,1
"Bolivia (Plurinational State of)",1981,0,0,0,0,0
"Bolivia (Plurinational State of)",1982,0,0,0,0,0
"Bolivia (Plurinational State of)",1983,0,0,0,0,0
"Bolivia (Plurinational State of)",1984,0,0,0,0,0
"Bolivia (Plurinational State of)",1985,1,0,0,0,0
"Bolivia (Plurinational State of)",1986,1,0,0,0,0
"Bolivia (Plurinational State of)",1987,1,0,0,0,0
"Bolivia (Plurinational State of)",1988,1,0,0,0,0
"Bolivia (Plurinational State of)",1989,1,0,0,0,0
"Bolivia (Plurinational State of)",1990,1,0,0,0,0
"Bolivia (Plurinational State of)",1991,1,0,0,0,0
"Bolivia (Plurinational State of)",1992,1,0,0,0,0
"Bolivia (Plurinational State of)",1993,1,0,0,0,0
"Bolivia (Plurinational State of)",1994,1,0,0,0,0
"Bolivia (Plurinational State of)",1995,1,0,0,0,0
"Bolivia (Plurinational State of)",1996,1,0,0,0,0
"Bolivia (Plurinational State of)",1997,1,0,0,0,0
"Bolivia (Plurinational State of)",1998,1,0,0,0,0
"Bolivia (Plurinational State of)",1999,1,1,0,0,1
"Bosnia and Herzegovina",1981,0,0,0,0,0
"Bosnia and Herzegovina",1982,0,0,0,0,0
"Bosnia and Herzegovina",1983,0,0,0,0,0
"Bosnia and Herzegovina",1984,0,0,0,0,0
"Bosnia and Herzegovina",1985,0,0,0,0,0
"Bosnia and Herzegovina",1986,0,0,0,0,0
"Bosnia and Herzegovina",1987,0,0,0,0,0
"Bosnia and Herzegovina",1988,0,0,0,0,0
"Bosnia and Herzegovina",1989,0,0,0,0,0
"Bosnia and Herzegovina",1990,0,0,0,0,0
"Bosnia and Herzegovina",1991,0,0,0,0,0
"Bosnia and Herzegovina",1992,0,0,0,0,0
"Bosnia and Herzegovina",1993,0,0,0,1,1
"Bosnia and Herzegovina",1994,0,0,0,1,1
"Bosnia and Herzegovina",1995,0,0,0,1,1
"Bosnia and Herzegovina",1996,0,0,0,1,1
"Bosnia and Herzegovina",1997,0,0,0,1,1
"Bosnia and Herzegovina",1998,0,0,0,1,1
"Bosnia and Herzegovina",1999,0,0,0,1,1
"Botswana",1981,0,0,0,0,0
"Botswana",1982,0,0,0,0,0
"Botswana",1983,0,0,0,0,0
"Botswana",1984,0,0,0,0,0
"Botswana",1985,0,0,0,0,0
"Botswana",1986,0,0,0,0,0
"Botswana",1987,0,0,0,0,0
"Botswana",1988,0,0,0,0,0
"Botswana",1989,0,0,0,0,0
"Botswana",1990,0,0,0,0,0
"Botswana",1991,0,0,0,0,0
"Botswana",1992,0,0,0,0,0
"Botswana",1993,0,0,0,0,0
"Botswana",1994,0,0,0,0,0
"Botswana",1995,0,0,0,0,0
"Botswana",1996,0,0,0,0,0
"Botswana",1997,0,0,0,0,0
"Botswana",1998,0,0,0,0,0
"Botswana",1999,0,0,0,0,0
"Brazil",1981,0,0,0,0,0
"Brazil",1982,0,0,0,0,0
"Brazil",1983,0,0,0,0,0
"Brazil",1984,0,0,0,0,0
"Brazil",1985,1,0,0,0,0
"Brazil",1986,1,0,0,0,0
"Brazil",1987,1,0,0,0,0
"Brazil",1988,1,0,0,0,0
"Brazil",1989,1,1,0,0,1
"Brazil",1990,1,1,0,0,1
"Brazil",1991,1,1,0,0,1
"Brazil",1992,1,1,0,0,1
"Brazil",1993,1,1,0,0,1
"Brazil",1994,1,1,0,0,1
"Brazil",1995,1,1,0,0,1
"Brazil",1996,1,1,0,0,1
"Brazil",1997,1,1,0,0,1
"Brazil",1998,1,1,0,0,1
"Brazil",1999,1,1,0,0,1
"Bulgaria",1981,0,0,0,0,0
"Bulgaria",1982,0,0,0,0,0
"Bulgaria",1983,0,0,0,0,0
"Bulgaria",1984,0,0,0,0,0
"Bulgaria",1985,0,0,0,0,0
"Bulgaria",1986,1,1,0,0,1
"Bulgaria",1987,1,1,0,0,1
"Bulgaria",1988,1,1,0,0,1
"Bulgaria",1989,1,1,0,0,1
"Bulgaria",1990,1,1,0,0,1
"Bulgaria",1991,1,1,0,0,1
"Bulgaria",1992,1,1,0,0,1
"Bulgaria",1993,1,1,0,0,1
"Bulgaria",1994,1,1,0,0,1
"Bulgaria",1995,1,1,0,0,1
"Bulgaria",1996,1,1,0,0,1
"Bulgaria",1997,1,1,0,0,1
"Bulgaria",1998,1,1,0,0,1
"Bulgaria",1999,1,1,0,0,1
"Burkina Faso",1981,0,0,0,0,0
"Burkina Faso",1982,0,0,0,0,0
"Burkina Faso",1983,0,0,0,0,0
"Burkina Faso",1984,0,0,0,0,0
"Burkina Faso",1985,0,0,0,0,0
"Burkina Faso",1986,0,0,0,0,0
"Burkina Faso",1987,0,0,0,0,0
"Burkina Faso",1988,0,0,0,0,0
"Burkina Faso",1989,0,0,0,0,0
"Burkina Faso",1990,0,0,0,0,0
"Burkina Faso",1991,0,0,0,0,0
"Burkina Faso",1992,0,0,0,0,0
"Burkina Faso",1993,0,0,0,0,0
"Burkina Faso",1994,0,0,0,0,0
"Burkina Faso",1995,0,0,0,0,0
"Burkina Faso",1996,0,0,0,0,0
"Burkina Faso",1997,0,0,0,0,0
"Burkina Faso",1998,0,0,0,0,0
"Burkina Faso",1999,0,0,1,0,1
"Burundi",1981,0,0,0,0,0
"Burundi",1982,0,0,0,0,0
"Burundi",1983,0,0,0,0,0
"Burundi",1984,0,0,0,0,0
"Burundi",1985,0,0,0,0,0
"Burundi",1986,0,0,0,0,0
"Burundi",1987,0,0,0,0,0
"Burundi",1988,0,0,0,0,0
"Burundi",1989,0,0,0,0,0
"Burundi",1990,0,0,0,0,0
"Burundi",1991,0,0,0,0,0
"Burundi",1992,0,0,0,0,0
"Burundi",1993,0,0,1,0,1
"Burundi",1994,0,0,1,0,1
"Burundi",1995,0,0,1,0,1
"Burundi",1996,0,0,1,0,1
"Burundi",1997,0,0,1,0,1
"Burundi",1998,0,0,1,0,1
"Burundi",1999,0,0,1,0,1
"Cabo Verde",1981,0,0,0,0,0
"Cabo Verde",1982,0,0,0,0,0
"Cabo Verde",1983,0,0,0,0,0
"Cabo Verde",1984,0,0,0,0,0
"Cabo Verde",1985,0,0,0,0,0
"Cabo Verde",1986,0,0,0,0,0
"Cabo Verde",1987,0,0,0,0,0
"Cabo Verde",1988,0,0,0,0,0
"Cabo Verde",1989,0,0,0,0,0
"Cabo Verde",1990,0,0,0,0,0
"Cabo Verde",1991,0,0,0,0,0
"Cabo Verde",1992,0,0,1,0,1
"Cabo Verde",1993,0,0,1,0,1
"Cabo Verde",1994,0,0,1,0,1
"Cabo Verde",1995,0,0,1,0,1
"Cabo Verde",1996,0,0,1,0,1
"Cabo Verde",1997,0,0,1,0,1
"Cabo Verde",1998,0,0,1,0,1
"Cabo Verde",1999,0,0,1,0,1
"Cambodia",1981,0,0,0,0,0
"Cambodia",1982,0,0,0,0,0
"Cambodia",1983,0,0,0,0,0
"Cambodia",1984,0,0,0,0,0
"Cambodia",1985,0,0,0,0,0
"Cambodia",1986,0,0,0,0,0
"Cambodia",1987,0,0,0,0,0
"Cambodia",1988,0,0,0,0,0
"Cambodia",1989,0,0,0,0,0
"Cambodia",1990,0,0,0,0,0
"Cambodia",1991,0,0,0,0,0
"Cambodia",1992,0,0,1,0,1
"Cambodia",1993,0,0,1,0,1
"Cambodia",1994,0,0,1,0,1
"Cambodia",1995,0,0,1,0,1
"Cambodia",1996,0,0,1,0,1
"Cambodia",1997,0,0,1,0,1
"Cambodia",1998,0,0,1,0,1
"Cambodia",1999,0,0,1,0,1
"Cameroon",1981,0,0,0,0,0
"Cameroon",1982,0,0,0,0,0
"Cameroon",1983,0,0,0,0,0
"Cameroon",1984,0,0,0,0,0
"Cameroon",1985,0,0,0,0,0
"Cameroon",1986,0,0,1,0,1
"Cameroon",1987,0,0,1,0,1
"Cameroon",1988,0,0,1,0,1
"Cameroon",1989,0,0,1,0,1
"Cameroon",1990,0,0,1,0,1
"Cameroon",1991,0,0,1,0,1
"Cameroon",1992,0,0,1,0,1
"Cameroon",1993,0,0,1,0,1
"Cameroon",1994,0,0,1,0,1
"Cameroon",1995,0,0,1,0,1
"Cameroon",1996,0,0,1,0,1
"Cameroon",1997,0,0,1,0,1
"Cameroon",1998,0,0,1,0,1
"Cameroon",1999,0,0,1,0,1
"Canada",1981,0,0,0,0,0
"Canada",1982,0,0,0,0,0
"Canada",1983,0,0,0,0,0
"Canada",1984,0,0,0,0,0
"Canada",1985,1,0,0,0,0
"Canada",1986,1,0,0,0,0
"Canada",1987,1,1,0,0,1
"Canada",1988,1,1,0,0,1
"Canada",1989,1,1,0,0,1
"Canada",1990,1,1,0,0,1
"Canada",1991,1,1,0,0,1
"Canada",1992,1,1,0,0,1
"Canada",1993,1,1,0,0,1
"Canada",1994,1,1,0,0,1
"Canada",1995,1,1,0,0,1
"Canada",1996,1,1,0,0,1
"Canada",1997,1,1,0,0,1
"Canada",1998,1,1,0,0,1
"Canada",1999,1,1,0,0,1
"Chad",1981,0,0,0,0,0
"Chad",1982,0,0,0,0,0
"Chad",1983,0,0,0,0,0
"Chad",1984,0,0,0,0,0
"Chad",1985,0,0,0,0,0
"Chad",1986,0,0,0,0,0
"Chad",1987,0,0,0,0,0
"Chad",1988,0,0,0,0,0
"Chad",1989,0,0,0,0,0
"Chad",1990,0,0,0,0,0
"Chad",1991,0,0,0,0,0
"Chad",1992,0,0,0,0,0
"Chad",1993,0,0,0,0,0
"Chad",1994,0,0,0,0,0
"Chad",1995,0,0,1,0,1
"Chad",1996,0,0,1,0,1
"Chad",1997,0,0,1,0,1
"Chad",1998,0,0,1,0,1
"Chad",1999,0,0,1,0,1
"Chile",1981,0,0,0,0,0
"Chile",1982,0,0,0,0,0
"Chile",1983,0,0,0,0,0
"Chile",1984,0,0,0,0,0
"Chile",1985,0,0,0,0,0
"Chile",1986,0,0,0,0,0
"Chile",1987,1,0,0,0,0
"Chile",1988,1,1,0,0,1
"Chile",1989,1,1,0,0,1
"Chile",1990,1,1,0,0,1
"Chile",1991,1,1,0,0,1
"Chile",1992,1,1,0,0,1
"Chile",1993,1,1,0,0,1
"Chile",1994,1,1,0,0,1
"Chile",1995,1,1,0,0,1
"Chile",1996,1,1,0,0,1
"Chile",1997,1,1,0,0,1
"Chile",1998,1,1,0,0,1
"Chile",1999,1,1,0,0,1
"China",1981,0,0,0,0,0
"China",1982,0,0,0,0,0
"China",1983,0,0,0,0,0
"China",1984,0,0,0,0,0
"China",1985,0,0,0,0,0
"China",1986,1,0,0,0,0
"China",1987,1,0,0,0,0
"China",1988,1,1,0,0,1
"China",1989,1,1,0,0,1
"China",1990,1,1,0,0,1
"China",1991,1,1,0,0,1
"China",1992,1,1,0,0,1
"China",1993,1,1,0,0,1
"China",1994,1,1,0,0,1
"China",1995,1,1,0,0,1
"China",1996,1,1,0,0,1
"China",1997,1,1,0,0,1
"China",1998,1,1,0,0,1
"China",1999,1,1,0,0,1
"Colombia",1981,0,0,0,0,0
"Colombia",1982,0,0,0,0,0
"Colombia",1983,0,0,0,0,0
"Colombia",1984,0,0,0,0,0
"Colombia",1985,1,0,0,0,0
"Colombia",1986,1,0,0,0,0
"Colombia",1987,1,1,0,0,1
"Colombia",1988,1,1,0,0,1
"Colombia",1989,1,1,0,0,1
"Colombia",1990,1,1,0,0,1
"Colombia",1991,1,1,0,0,1
"Colombia",1992,1,1,0,0,1
"Colombia",1993,1,1,0,0,1
"Colombia",1994,1,1,0,0,1
"Colombia",1995,1,1,0,0,1
"Colombia",1996,1,1,0,0,1
"Colombia",1997,1,1,0,0,1
"Colombia",1998,1,1,0,0,1
"Colombia",1999,1,1,0,0,1
"Comoros",1981,0,0,0,0,0
"Comoros",1982,0,0,0,0,0
"Comoros",1983,0,0,0,0,0
"Comoros",1984,0,0,0,0,0
"Comoros",1985,0,0,0,0,0
"Comoros",1986,0,0,0,0,0
"Comoros",1987,0,0,0,0,0
"Comoros",1988,0,0,0,0,0
"Comoros",1989,0,0,0,0,0
"Comoros",1990,0,0,0,0,0
"Comoros",1991,0,0,0,0,0
"Comoros",1992,0,0,0,0,0
"Comoros",1993,0,0,0,0,0
"Comoros",1994,0,0,0,0,0
"Comoros",1995,0,0,0,0,0
"Comoros",1996,0,0,0,0,0
"Comoros",1997,0,0,0,0,0
"Comoros",1998,0,0,0,0,0
"Comoros",1999,0,0,0,0,0
"Congo",1981,0,0,0,0,0
"Congo",1982,0,0,0,0,0
"Congo",1983,0,0,0,0,0
"Congo",1984,0,0,0,0,0
"Congo",1985,0,0,0,0,0
"Congo",1986,0,0,0,0,0
"Congo",1987,0,0,0,0,0
"Congo",1988,0,0,0,0,0
"Congo",1989,0,0,0,0,0
"Congo",1990,0,0,0,0,0
"Congo",1991,0,0,0,0,0
"Congo",1992,0,0,0,0,0
"Congo",1993,0,0,0,0,0
"Congo",1994,0,0,0,0,0
"Congo",1995,0,0,0,0,0
"Congo",1996,0,0,0,0,0
"Congo",1997,0,0,0,0,0
"Congo",1998,0,0,0,0,0
"Congo",1999,0,0,0,0,0
"Costa Rica",1981,0,0,0,0,0
"Costa Rica",1982,0,0,0,0,0
"Costa Rica",1983,0,0,0,0,0
"Costa Rica",1984,0,0,0,0,0
"Costa Rica",1985,1,0,0,0,0
"Costa Rica",1986,1,0,0,0,0
"Costa Rica",1987,1,0,0,0,0
"Costa Rica",1988,1,0,0,0,0
"Costa Rica",1989,1,0,0,0,0
"Costa Rica",1990,1,0,0,0,0
"Costa Rica",1991,1,0,0,0,0
"Costa Rica",1992,1,0,0,0,0
"Costa Rica",1993,1,1,0,0,1
"Costa Rica",1994,1,1,0,0,1
"Costa Rica",1995,1,1,0,0,1
"Costa Rica",1996,1,1,0,0,1
"Costa Rica",1997,1,1,0,0,1
"Costa Rica",1998,1,1,0,0,1
"Costa Rica",1999,1,1,0,0,1
"Côte d'Ivoire",1981,0,0,0,0,0
"Côte d'Ivoire",1982,0,0,0,0,0
"Côte d'Ivoire",1983,0,0,0,0,0
"Côte d'Ivoire",1984,0,0,0,0,0
"Côte d'Ivoire",1985,0,0,0,0,0
"Côte d'Ivoire",1986,0,0,0,0,0
"Côte d'Ivoire",1987,0,0,0,0,0
"Côte d'Ivoire",1988,0,0,0,0,0
"Côte d'Ivoire",1989,0,0,0,0,0
"Côte d'Ivoire",1990,0,0,0,0,0
"Côte d'Ivoire",1991,0,0,0,0,0
"Côte d'Ivoire",1992,0,0,0,0,0
"Côte d'Ivoire",1993,0,0,0,0,0
"Côte d'Ivoire",1994,0,0,0,0,0
"Côte d'Ivoire",1995,0,0,1,0,1
"Côte d'Ivoire",1996,0,0,1,0,1
"Côte d'Ivoire",1997,0,0,1,0,1
"Côte d'Ivoire",1998,0,0,1,0,1
"Côte d'Ivoire",1999,0,0,1,0,1
"Croatia",1981,0,0,0,0,0
"Croatia",1982,0,0,0,0,0
"Croatia",1983,0,0,0,0,0
"Croatia",1984,0,0,0,0,0
"Croatia",1985,0,0,0,0,0
"Croatia",1986,0,0,0,0,0
"Croatia",1987,0,0,0,0,0
"Croatia",1988,0,0,0,0,0
"Croatia",1989,0,0,0,0,0
"Croatia",1990,0,0,0,0,0
"Croatia",1991,0,0,0,0,0
"Croatia",1992,0,0,0,1,1
"Croatia",1993,0,0,0,1,1
"Croatia",1994,0,0,0,1,1
"Croatia",1995,0,0,0,1,1
"Croatia",1996,0,0,0,1,1
"Croatia",1997,0,0,0,1,1
"Croatia",1998,0,0,0,1,1
"Croatia",1999,0,0,0,1,1
"Cuba",1981,0,0,0,0,0
"Cuba",1982,0,0,0,0,0
"Cuba",1983,0,0,0,0,0
"Cuba",1984,0,0,0,0,0
"Cuba",1985,0,0,0,0,0
"Cuba",1986,1,0,0,0,0
"Cuba",1987,1,0,0,0,0
"Cuba",1988,1,0,0,0,0
"Cuba",1989,1,0,0,0,0
"Cuba",1990,1,0,0,0,0
"Cuba",1991,1,0,0,0,0
"Cuba",1992,1,0,0,0,0
"Cuba",1993,1,0,0,0,0
"Cuba",1994,1,0,0,0,0
"Cuba",1995,1,1,0,0,1
"Cuba",1996,1,1,0,0,1
"Cuba",1997,1,1,0,0,1
"Cuba",1998,1,1,0,0,1
"Cuba",1999,1,1,0,0,1
"Cyprus",1981,0,0,0,0,0
"Cyprus",1982,0,0,0,0,0
"Cyprus",1983,0,0,0,0,0
"Cyprus",1984,0,0,0,0,0
"Cyprus",1985,1,0,0,0,0
"Cyprus",1986,1,0,0,0,0
"Cyprus",1987,1,0,0,0,0
"Cyprus",1988,1,0,0,0,0
"Cyprus",1989,1,0,0,0,0
"Cyprus",1990,1,0,0,0,0
"Cyprus",1991,1,1,0,0,1
"Cyprus",1992,1,1,0,0,1
"Cyprus",1993,1,1,0,0,1
"Cyprus",1994,1,1,0,0,1
"Cyprus",1995,1,1,0,0,1
"Cyprus",1996,1,1,0,0,1
"Cyprus",1997,1,1,0,0,1
"Cyprus",1998,1,1,0,0,1
"Cyprus",1999,1,1,0,0,1
"Czech Republic",1981,0,0,0,0,0
"Czech Republic",1982,0,0,0,0,0
"Czech Republic",1983,0,0,0,0,0
"Czech Republic",1984,0,0,0,0,0
"Czech Republic",1985,0,0,0,0,0
"Czech Republic",1986,0,0,0,0,0
"Czech Republic",1987,0,0,0,0,0
"Czech Republic",1988,0,0,0,0,0
"Czech Republic",1989,0,0,0,0,0
"Czech Republic",1990,0,0,0,0,0
"Czech Republic",1991,0,0,0,0,0
"Czech Republic",1992,0,0,0,0,0
"Czech Republic",1993,0,0,0,1,1
"Czech Republic",1994,0,0,0,1,1
"Czech Republic",1995,0,0,0,1,1
"Czech Republic",1996,0,0,0,1,1
"Czech Republic",1997,0,0,0,1,1
"Czech Republic",1998,0,0,0,1,1
"Czech Republic",1999,0,0,0,1,1
"Democratic Republic of the Congo",1981,0,0,0,0,0
"Democratic Republic of the Congo",1982,0,0,0,0,0
"Democratic Republic of the Congo",1983,0,0,0,0,0
"Democratic Republic of the Congo",1984,0,0,0,0,0
"Democratic Republic of the Congo",1985,0,0,0,0,0
"Democratic Republic of the Congo",1986,0,0,0,0,0
"Democratic Republic of the Congo",1987,0,0,0,0,0
"Democratic Republic of the Congo",1988,0,0,0,0,0
"Democratic Republic of the Congo",1989,0,0,0,0,0
"Democratic Republic of the Congo",1990,0,0,0,0,0
"Democratic Republic of the Congo",1991,0,0,0,0,0
"Democratic Republic of the Congo",1992,0,0,0,0,0
"Democratic Republic of the Congo",1993,0,0,0,0,0
"Democratic Republic of the Congo",1994,0,0,0,0,0
"Democratic Republic of the Congo",1995,0,0,0,0,0
"Democratic Republic of the Congo",1996,0,0,1,0,1
"Democratic Republic of the Congo",1997,0,0,1,0,1
"Democratic Republic of the Congo",1998,0,0,1,0,1
"Democratic Republic of the Congo",1999,0,0,1,0,1
"Denmark",1981,0,0,0,0,0
"Denmark",1982,0,0,0,0,0
"Denmark",1983,0,0,0,0,0
"Denmark",1984,0,0,0,0,0
"Denmark",1985,1,0,0,0,0
"Denmark",1986,1,0,0,0,0
"Denmark",1987,1,1,0,0,1
"Denmark",1988,1,1,0,0,1
"Denmark",1989,1,1,0,0,1
"Denmark",1990,1,1,0,0,1
"Denmark",1991,1,1,0,0,1
"Denmark",1992,1,1,0,0,1
"Denmark",1993,1,1,0,0,1
"Denmark",1994,1,1,0,0,1
"Denmark",1995,1,1,0,0,1
"Denmark",1996,1,1,0,0,1
"Denmark",1997,1,1,0,0,1
"Denmark",1998,1,1,0,0,1
"Denmark",1999,1,1,0,0,1
"Djibouti",1981,0,0,0,0,0
"Djibouti",1982,0,0,0,0,0
"Djibouti",1983,0,0,0,0,0
"Djibouti",1984,0,0,0,0,0
"Djibouti",1985,0,0,0,0,0
"Djibouti",1986,0,0,0,0,0
"Djibouti",1987,0,0,0,0,0
"Djibouti",1988,0,0,0,0,0
"Djibouti",1989,0,0,0,0,0
"Djibouti",1990,0,0,0,0,0
"Djibouti",1991,0,0,0,0,0
"Djibouti",1992,0,0,0,0,0
"Djibouti",1993,0,0,0,0,0
"Djibouti",1994,0,0,0,0,0
"Djibouti",1995,0,0,0,0,0
"Djibouti",1996,0,0,0,0,0
"Djibouti",1997,0,0,0,0,0
"Djibouti",1998,0,0,0,0,0
"Djibouti",1999,0,0,0,0,0
"Dominican Republic",1981,0,0,0,0,0
"Dominican Republic",1982,0,0,0,0,0
"Dominican Republic",1983,0,0,0,0,0
"Dominican Republic",1984,0,0,0,0,0
"Dominican Republic",1985,1,0,0,0,0
"Dominican Republic",1986,1,0,0,0,0
"Dominican Republic",1987,1,0,0,0,0
"Dominican Republic",1988,1,0,0,0,0
"Dominican Republic",1989,1,0,0,0,0
"Dominican Republic",1990,1,0,0,0,0
"Dominican Republic",1991,1,0,0,0,0
"Dominican Republic",1992,1,0,0,0,0
"Dominican Republic",1993,1,0,0,0,0
"Dominican Republic",1994,1,0,0,0,0
"Dominican Republic",1995,1,0,0,0,0
"Dominican Republic",1996,1,0,0,0,0
"Dominican Republic",1997,1,0,0,0,0
"Dominican Republic",1998,1,0,0,0,0
"Dominican Republic",1999,1,0,0,0,0
"Ecuador",1981,0,0,0,0,0
"Ecuador",1982,0,0,0,0,0
"Ecuador",1983,0,0,0,0,0
"Ecuador",1984,0,0,0,0,0
"Ecuador",1985,1,0,0,0,0
"Ecuador",1986,1,0,0,0,0
"Ecuador",1987,1,0,0,0,0
"Ecuador",1988,1,1,0,0,1
"Ecuador",1989,1,1,0,0,1
"Ecuador",1990,1,1,0,0,1
"Ecuador",1991,1,1,0,0,1
"Ecuador",1992,1,1,0,0,1
"Ecuador",1993,1,1,0,0,1
"Ecuador",1994,1,1,0,0,1
"Ecuador",1995,1,1,0,0,1
"Ecuador",1996,1,1,0,0,1
"Ecuador",1997,1,1,0,0,1
"Ecuador",1998,1,1,0,0,1
"Ecuador",1999,1,1,0,0,1
"Egypt",1981,0,0,0,0,0
"Egypt",1982,0,0,0,0,0
"Egypt",1983,0,0,0,0,0
"Egypt",1984,0,0,0,0,0
"Egypt",1985,0,0,0,0,0
"Egypt",1986,0,0,1,0,1
"Egypt",1987,0,0,1,0,1
"Egypt",1988,0,0,1,0,1
"Egypt",1989,0,0,1,0,1
"Egypt",1990,0,0,1,0,1
"Egypt",1991,0,0,1,0,1
"Egypt",1992,0,0,1,0,1
"Egypt",1993,0,0,1,0,1
"Egypt",1994,0,0,1,0,1
"Egypt",1995,0,0,1,0,1
"Egypt",1996,0,0,1,0,1
"Egypt",1997,0,0,1,0,1
"Egypt",1998,0,0,1,0,1
"Egypt",1999,0,0,1,0,1
"El Salvador",1981,0,0,0,0,0
"El Salvador",1982,0,0,0,0,0
"El Salvador",1983,0,0,0,0,0
"El Salvador",1984,0,0,0,0,0
"El Salvador",1985,0,0,0,0,0
"El Salvador",1986,0,0,0,0,0
"El Salvador",1987,0,0,0,0,0
"El Salvador",1988,0,0,0,0,0
"El Salvador",1989,0,0,0,0,0
"El Salvador",1990,0,0,0,0,0
"El Salvador",1991,0,0,0,0,0
"El Salvador",1992,0,0,0,0,0
"El Salvador",1993,0,0,0,0,0
"El Salvador",1994,0,0,0,0,0
"El Salvador",1995,0,0,0,0,0
"El Salvador",1996,0,0,1,0,1
"El Salvador",1997,0,0,1,0,1
"El Salvador",1998,0,0,1,0,1
"El Salvador",1999,0,0,1,0,1
"Equatorial Guinea",1981,0,0,0,0,0
"Equatorial Guinea",1982,0,0,0,0,0
"Equatorial Guinea",1983,0,0,0,0,0
"Equatorial Guinea",1984,0,0,0,0,0
"Equatorial Guinea",1985,0,0,0,0,0
"Equatorial Guinea",1986,0,0,0,0,0
"Equatorial Guinea",1987,0,0,0,0,0
"Equatorial Guinea",1988,0,0,0,0,0
"Equatorial Guinea",1989,0,0,0,0,0
"Equatorial Guinea",1990,0,0,0,0,0
"Equatorial Guinea",1991,0,0,0,0,0
"Equatorial Guinea",1992,0,0,0,0,0
"Equatorial Guinea",1993,0,0,0,0,0
"Equatorial Guinea",1994,0,0,0,0,0
"Equatorial Guinea",1995,0,0,0,0,0
"Equatorial Guinea",1996,0,0,0,0,0
"Equatorial Guinea",1997,0,0,0,0,0
"Equatorial Guinea",1998,0,0,0,0,0
"Equatorial Guinea",1999,0,0,0,0,0
"Estonia",1981,0,0,0,0,0
"Estonia",1982,0,0,0,0,0
"Estonia",1983,0,0,0,0,0
"Estonia",1984,0,0,0,0,0
"Estonia",1985,0,0,0,0,0
"Estonia",1986,0,0,0,0,0
"Estonia",1987,0,0,0,0,0
"Estonia",1988,0,0,0,0,0
"Estonia",1989,0,0,0,0,0
"Estonia",1990,0,0,0,0,0
"Estonia",1991,0,0,1,0,1
"Estonia",1992,0,0,1,0,1
"Estonia",1993,0,0,1,0,1
"Estonia",1994,0,0,1,0,1
"Estonia",1995,0,0,1,0,1
"Estonia",1996,0,0,1,0,1
"Estonia",1997,0,0,1,0,1
"Estonia",1998,0,0,1,0,1
"Estonia",1999,0,0,1,0,1
"Ethiopia",1981,0,0,0,0,0
"Ethiopia",1982,0,0,0,0,0
"Ethiopia",1983,0,0,0,0,0
"Ethiopia",1984,0,0,0,0,0
"Ethiopia",1985,0,0,0,0,0
"Ethiopia",1986,0,0,0,0,0
"Ethiopia",1987,0,0,0,0,0
"Ethiopia",1988,0,0,0,0,0
"Ethiopia",1989,0,0,0,0,0
"Ethiopia",1990,0,0,0,0,0
"Ethiopia",1991,0,0,0,0,0
"Ethiopia",1992,0,0,0,0,0
"Ethiopia",1993,0,0,0,0,0
"Ethiopia",1994,0,0,1,0,1
"Ethiopia",1995,0,0,1,0,1
"Ethiopia",1996,0,0,1,0,1
"Ethiopia",1997,0,0,1,0,1
"Ethiopia",1998,0,0,1,0,1
"Ethiopia",1999,0,0,1,0,1
"Finland",1981,0,0,0,0,0
"Finland",1982,0,0,0,0,0
"Finland",1983,0,0,0,0,0
"Finland",1984,0,0,0,0,0
"Finland",1985,1,0,0,0,0
"Finland",1986,1,0,0,0,0
"Finland",1987,1,0,0,0,0
"Finland",1988,1,0,0,0,0
"Finland",1989,1,1,0,0,1
"Finland",1990,1,1,0,0,1
"Finland",1991,1,1,0,0,1
"Finland",1992,1,1,0,0,1
"Finland",1993,1,1,0,0,1
"Finland",1994,1,1,0,0,1
"Finland",1995,1,1,0,0,1
"Finland",1996,1,1,0,0,1
"Finland",1997,1,1,0,0,1
"Finland",1998,1,1,0,0,1
"Finland",1999,1,1,0,0,1
"France",1981,0,0,0,0,0
"France",1982,0,0,0,0,0
"France",1983,0,0,0,0,0
"France",1984,0,0,0,0,0
"France",1985,1,0,0,0,0
"France",1986,1,1,0,0,1
"France",1987,1,1,0,0,1
"France",1988,1,1,0,0,1
"France",1989,1,1,0,0,1
"France",1990,1,1,0,0,1
"France",1991,1,1,0,0,1
"France",1992,1,1,0,0,1
"France",1993,1,1,0,0,1
"France",1994,1,1,0,0,1
"France",1995,1,1,0,0,1
"France",1996,1,1,0,0,1
"France",1997,1,1,0,0,1
"France",1998,1,1,0,0,1
"France",1999,1,1,0,0,1
"Gabon",1981,0,0,0,0,0
"Gabon",1982,0,0,0,0,0
"Gabon",1983,0,0,0,0,0
"Gabon",1984,0,0,0,0,0
"Gabon",1985,0,0,0,0,0
"Gabon",1986,1,0,0,0,0
"Gabon",1987,1,0,0,0,0
"Gabon",1988,1,0,0,0,0
"Gabon",1989,1,0,0,0,0
"Gabon",1990,1,0,0,0,0
"Gabon",1991,1,0,0,0,0
"Gabon",1992,1,0,0,0,0
"Gabon",1993,1,0,0,0,0
"Gabon",1994,1,0,0,0,0
"Gabon",1995,1,0,0,0,0
"Gabon",1996,1,0,0,0,0
"Gabon",1997,1,0,0,0,0
"Gabon",1998,1,0,0,0,0
"Gabon",1999,1,0,0,0,0
"Gambia",1981,0,0,0,0,0
"Gambia",1982,0,0,0,0,0
"Gambia",1983,0,0,0,0,0
"Gambia",1984,0,0,0,0,0
"Gambia",1985,1,0,0,0,0
"Gambia",1986,1,0,0,0,0
"Gambia",1987,1,0,0,0,0
"Gambia",1988,1,0,0,0,0
"Gambia",1989,1,0,0,0,0
"Gambia",1990,1,0,0,0,0
"Gambia",1991,1,0,0,0,0
"Gambia",1992,1,0,0,0,0
"Gambia",1993,1,0,0,0,0
"Gambia",1994,1,0,0,0,0
"Gambia",1995,1,0,0,0,0
"Gambia",1996,1,0,0,0,0
"Gambia",1997,1,0,0,0,0
"Gambia",1998,1,0,0,0,0
"Gambia",1999,1,0,0,0,0
"Georgia",1981,0,0,0,0,0
"Georgia",1982,0,0,0,0,0
"Georgia",1983,0,0,0,0,0
"Georgia",1984,0,0,0,0,0
"Georgia",1985,0,0,0,0,0
"Georgia",1986,0,0,0,0,0
"Georgia",1987,0,0,0,0,0
"Georgia",1988,0,0,0,0,0
"Georgia",1989,0,0,0,0,0
"Georgia",1990,0,0,0,0,0
"Georgia",1991,0,0,0,0,0
"Georgia",1992,0,0,0,0,0
"Georgia",1993,0,0,0,0,0
"Georgia",1994,0,0,1,0,1
"Georgia",1995,0,0,1,0,1
"Georgia",1996,0,0,1,0,1
"Georgia",1997,0,0,1,0,1
"Georgia",1998,0,0,1,0,1
"Georgia",1999,0,0,1,0,1
"Germany",1981,0,0,0,0,0
"Germany",1982,0,0,0,0,0
"Germany",1983,0,0,0,0,0
"Germany",1984,0,0,0,0,0
"Germany",1985,0,0,0,0,0
"Germany",1986,1,0,0,0,0
"Germany",1987,1,0,0,0,0
"Germany",1988,1,0,0,0,0
"Germany",1989,1,0,0,0,0
"Germany",1990,1,1,0,0,1
"Germany",1991,1,1,0,0,1
"Germany",1992,1,1,0,0,1
"Germany",1993,1,1,0,0,1
"Germany",1994,1,1,0,0,1
"Germany",1995,1,1,0,0,1
"Germany",1996,1,1,0,0,1
"Germany",1997,1,1,0,0,1
"Germany",1998,1,1,0,0,1
"Germany",1999,1,1,0,0,1
"Ghana",1981,0,0,0,0,0
"Ghana",1982,0,0,0,0,0
"Ghana",1983,0,0,0,0,0
"Ghana",1984,0,0,0,0,0
"Ghana",1985,0,0,0,0,0
"Ghana",1986,0,0,0,0,0
"Ghana",1987,0,0,0,0,0
"Ghana",1988,0,0,0,0,0
"Ghana",1989,0,0,0,0,0
"Ghana",1990,0,0,0,0,0
"Ghana",1991,0,0,0,0,0
"Ghana",1992,0,0,0,0,0
"Ghana",1993,0,0,0,0,0
"Ghana",1994,0,0,0,0,0
"Ghana",1995,0,0,0,0,0
"Ghana",1996,0,0,0,0,0
"Ghana",1997,0,0,0,0,0
"Ghana",1998,0,0,0,0,0
"Ghana",1999,0,0,0,0,0
"Greece",1981,0,0,0,0,0
"Greece",1982,0,0,0,0,0
"Greece",1983,0,0,0,0,0
"Greece",1984,0,0,0,0,0
"Greece",1985,1,0,0,0,0
"Greece",1986,1,0,0,0,0
"Greece",1987,1,0,0,0,0
"Greece",1988,1,1,0,0,1
"Greece",1989,1,1,0,0,1
"Greece",1990,1,1,0,0,1
"Greece",1991,1,1,0,0,1
"Greece",1992,1,1,0,0,1
"Greece",1993,1,1,0,0,1
"Greece",1994,1,1,0,0,1
"Greece",1995,1,1,0,0,1
"Greece",1996,1,1,0,0,1
"Greece",1997,1,1,0,0,1
"Greece",1998,1,1,0,0,1
"Greece",1999,1,1,0,0,1
"Guatemala",1981,0,0,0,0,0
"Guatemala",1982,0,0,0,0,0
"Guatemala",1983,0,0,0,0,0
"Guatemala",1984,0,0,0,0,0
"Guatemala",1985,0,0,0,0,0
"Guatemala",1986,0,0,0,0,0
"Guatemala",1987,0,0,0,0,0
"Guatemala",1988,0,0,0,0,0
"Guatemala",1989,0,0,0,0,0
"Guatemala",1990,0,0,1,0,1
"Guatemala",1991,0,0,1,0,1
"Guatemala",1992,0,0,1,0,1
"Guatemala",1993,0,0,1,0,1
"Guatemala",1994,0,0,1,0,1
"Guatemala",1995,0,0,1,0,1
"Guatemala",1996,0,0,1,0,1
"Guatemala",1997,0,0,1,0,1
"Guatemala",1998,0,0,1,0,1
"Guatemala",1999,0,0,1,0,1
"Guinea",1981,0,0,0,0,0
"Guinea",1982,0,0,0,0,0
"Guinea",1983,0,0,0,0,0
"Guinea",1984,0,0,0,0,0
"Guinea",1985,0,0,0,0,0
"Guinea",1986,1,0,0,0,0
"Guinea",1987,1,0,0,0,0
"Guinea",1988,1,0,0,0,0
"Guinea",1989,1,1,0,0,1
"Guinea",1990,1,1,0,0,1
"Guinea",1991,1,1,0,0,1
"Guinea",1992,1,1,0,0,1
"Guinea",1993,1,1,0,0,1
"Guinea",1994,1,1,0,0,1
"Guinea",1995,1,1,0,0,1
"Guinea",1996,1,1,0,0,1
"Guinea",1997,1,1,0,0,1
"Guinea",1998,1,1,0,0,1
"Guinea",1999,1,1,0,0,1
"Guinea-Bissau",1981,0,0,0,0,0
"Guinea-Bissau",1982,0,0,0,0,0
"Guinea-Bissau",1983,0,0,0,0,0
"Guinea-Bissau",1984,0,0,0,0,0
"Guinea-Bissau",1985,0,0,0,0,0
"Guinea-Bissau",1986,0,0,0,0,0
"Guinea-Bissau",1987,0,0,0,0,0
"Guinea-Bissau",1988,0,0,0,0,0
"Guinea-Bissau",1989,0,0,0,0,0
"Guinea-Bissau",1990,0,0,0,0,0
"Guinea-Bissau",1991,0,0,0,0,0
"Guinea-Bissau",1992,0,0,0,0,0
"Guinea-Bissau",1993,0,0,0,0,0
"Guinea-Bissau",1994,0,0,0,0,0
"Guinea-Bissau",1995,0,0,0,0,0
"Guinea-Bissau",1996,0,0,0,0,0
"Guinea-Bissau",1997,0,0,0,0,0
"Guinea-Bissau",1998,0,0,0,0,0
"Guinea-Bissau",1999,0,0,0,0,0
"Guyana",1981,0,0,0,0,0
"Guyana",1982,0,0,0,0,0
"Guyana",1983,0,0,0,0,0
"Guyana",1984,0,0,0,0,0
"Guyana",1985,0,0,0,0,0
"Guyana",1986,0,0,0,0,0
"Guyana",1987,0,0,0,0,0
"Guyana",1988,1,1,0,0,1
"Guyana",1989,1,1,0,0,1
"Guyana",1990,1,1,0,0,1
"Guyana",1991,1,1,0,0,1
"Guyana",1992,1,1,0,0,1
"Guyana",1993,1,1,0,0,1
"Guyana",1994,1,1,0,0,1
"Guyana",1995,1,1,0,0,1
"Guyana",1996,1,1,0,0,1
"Guyana",1997,1,1,0,0,1
"Guyana",1998,1,1,0,0,1
"Guyana",1999,1,1,0,0,1
"Haiti",1981,0,0,0,0,0
"Haiti",1982,0,0,0,0,0
"Haiti",1983,0,0,0,0,0
"Haiti",1984,0,0,0,0,0
"Haiti",1985,0,0,0,0,0
"Haiti",1986,0,0,0,0,0
"Haiti",1987,0,0,0,0,0
"Haiti",1988,0,0,0,0,0
"Haiti",1989,0,0,0,0,0
"Haiti",1990,0,0,0,0,0
"Haiti",1991,0,0,0,0,0
"Haiti",1992,0,0,0,0,0
"Haiti",1993,0,0,0,0,0
"Haiti",1994,0,0,0,0,0
"Haiti",1995,0,0,0,0,0
"Haiti",1996,0,0,0,0,0
"Haiti",1997,0,0,0,0,0
"Haiti",1998,0,0,0,0,0
"Haiti",1999,0,0,0,0,0
"Holy See",1981,0,0,0,0,0
"Holy See",1982,0,0,0,0,0
"Holy See",1983,0,0,0,0,0
"Holy See",1984,0,0,0,0,0
"Holy See",1985,0,0,0,0,0
"Holy See",1986,0,0,0,0,0
"Holy See",1987,0,0,0,0,0
"Holy See",1988,0,0,0,0,0
"Holy See",1989,0,0,0,0,0
"Holy See",1990,0,0,0,0,0
"Holy See",1991,0,0,0,0,0
"Holy See",1992,0,0,0,0,0
"Holy See",1993,0,0,0,0,0
"Holy See",1994,0,0,0,0,0
"Holy See",1995,0,0,0,0,0
"Holy See",1996,0,0,0,0,0
"Holy See",1997,0,0,0,0,0
"Holy See",1998,0,0,0,0,0
"Holy See",1999,0,0,0,0,0
"Honduras",1981,0,0,0,0,0
"Honduras",1982,0,0,0,0,0
"Honduras",1983,0,0,0,0,0
"Honduras",1984,0,0,0,0,0
"Honduras",1985,0,0,0,0,0
"Honduras",1986,0,0,0,0,0
"Honduras",1987,0,0,0,0,0
"Honduras",1988,0,0,0,0,0
"Honduras",1989,0,0,0,0,0
"Honduras",1990,0,0,0,0,0
"Honduras",1991,0,0,0,0,0
"Honduras",1992,0,0,0,0,0
"Honduras",1993,0,0,0,0,0
"Honduras",1994,0,0,0,0,0
"Honduras",1995,0,0,0,0,0
"Honduras",1996,0,0,1,0,1
"Honduras",1997,0,0,1,0,1
"Honduras",1998,0,0,1,0,1
"Honduras",1999,0,0,1,0,1
"Hungary",1981,0,0,0,0,0
"Hungary",1982,0,0,0,0,0
"Hungary",1983,0,0,0,0,0
"Hungary",1984,0,0,0,0,0
"Hungary",1985,0,0,0,0,0
"Hungary",1986,1,0,0,0,0
"Hungary",1987,1,1,0,0,1
"Hungary",1988,1,1,0,0,1
"Hungary",1989,1,1,0,0,1
"Hungary",1990,1,1,0,0,1
"Hungary",1991,1,1,0,0,1
"Hungary",1992,1,1,0,0,1
"Hungary",1993,1,1,0,0,1
"Hungary",1994,1,1,0,0,1
"Hungary",1995,1,1,0,0,1
"Hungary",1996,1,1,0,0,1
"Hungary",1997,1,1,0,0,1
"Hungary",1998,1,1,0,0,1
"Hungary",1999,1,1,0,0,1
"Iceland",1981,0,0,0,0,0
"Iceland",1982,0,0,0,0,0
"Iceland",1983,0,0,0,0,0
"Iceland",1984,0,0,0,0,0
"Iceland",1985,1,0,0,0,0
"Iceland",1986,1,0,0,0,0
"Iceland",1987,1,0,0,0,0
"Iceland",1988,1,0,0,0,0
"Iceland",1989,1,0,0,0,0
"Iceland",1990,1,0,0,0,0
"Iceland",1991,1,0,0,0,0
"Iceland",1992,1,0,0,0,0
"Iceland",1993,1,0,0,0,0
"Iceland",1994,1,0,0,0,0
"Iceland",1995,1,0,0,0,0
"Iceland",1996,1,1,0,0,1
"Iceland",1997,1,1,0,0,1
"Iceland",1998,1,1,0,0,1
"Iceland",1999,1,1,0,0,1
"India",1981,0,0,0,0,0
"India",1982,0,0,0,0,0
"India",1983,0,0,0,0,0
"India",1984,0,0,0,0,0
"India",1985,0,0,0,0,0
"India",1986,0,0,0,0,0
"India",1987,0,0,0,0,0
"India",1988,0,0,0,0,0
"India",1989,0,0,0,0,0
"India",1990,0,0,0,0,0
"India",1991,0,0,0,0,0
"India",1992,0,0,0,0,0
"India",1993,0,0,0,0,0
"India",1994,0,0,0,0,0
"India",1995,0,0,0,0,0
"India",1996,0,0,0,0,0
"India",1997,1,0,0,0,0
"India",1998,1,0,0,0,0
"India",1999,1,0,0,0,0
"Indonesia",1981,0,0,0,0,0
"Indonesia",1982,0,0,0,0,0
"Indonesia",1983,0,0,0,0,0
"Indonesia",1984,0,0,0,0,0
"Indonesia",1985,1,0,0,0,0
"Indonesia",1986,1,0,0,0,0
"Indonesia",1987,1,0,0,0,0
"Indonesia",1988,1,0,0,0,0
"Indonesia",1989,1,0,0,0,0
"Indonesia",1990,1,0,0,0,0
"Indonesia",1991,1,0,0,0,0
"Indonesia",1992,1,0,0,0,0
"Indonesia",1993,1,0,0,0,0
"Indonesia",1994,1,0,0,0,0
"Indonesia",1995,1,0,0,0,0
"Indonesia",1996,1,0,0,0,0
"Indonesia",1997,1,0,0,0,0
"Indonesia",1998,1,1,0,0,1
"Indonesia",1999,1,1,0,0,1
"Iraq",1981,0,0,0,0,0
"Iraq",1982,0,0,0,0,0
"Iraq",1983,0,0,0,0,0
"Iraq",1984,0,0,0,0,0
"Iraq",1985,0,0,0,0,0
"Iraq",1986,0,0,0,0,0
"Iraq",1987,0,0,0,0,0
"Iraq",1988,0,0,0,0,0
"Iraq",1989,0,0,0,0,0
"Iraq",1990,0,0,0,0,0
"Iraq",1991,0,0,0,0,0
"Iraq",1992,0,0,0,0,0
"Iraq",1993,0,0,0,0,0
"Iraq",1994,0,0,0,0,0
"Iraq",1995,0,0,0,0,0
"Iraq",1996,0,0,0,0,0
"Iraq",1997,0,0,0,0,0
"Iraq",1998,0,0,0,0,0
"Iraq",1999,0,0,0,0,0
"Ireland",1981,0,0,0,0,0
"Ireland",1982,0,0,0,0,0
"Ireland",1983,0,0,0,0,0
"Ireland",1984,0,0,0,0,0
"Ireland",1985,0,0,0,0,0
"Ireland",1986,0,0,0,0,0
"Ireland",1987,0,0,0,0,0
"Ireland",1988,0,0,0,0,0
"Ireland",1989,0,0,0,0,0
"Ireland",1990,0,0,0,0,0
"Ireland",1991,0,0,0,0,0
"Ireland",1992,1,0,0,0,0
"Ireland",1993,1,0,0,0,0
"Ireland",1994,1,0,0,0,0
"Ireland",1995,1,0,0,0,0
"Ireland",1996,1,0,0,0,0
"Ireland",1997,1,0,0,0,0
"Ireland",1998,1,0,0,0,0
"Ireland",1999,1,0,0,0,0
"Israel",1981,0,0,0,0,0
"Israel",1982,0,0,0,0,0
"Israel",1983,0,0,0,0,0
"Israel",1984,0,0,0,0,0
"Israel",1985,0,0,0,0,0
"Israel",1986,1,0,0,0,0
"Israel",1987,1,0,0,0,0
"Israel",1988,1,0,0,0,0
"Israel",1989,1,0,0,0,0
"Israel",1990,1,0,0,0,0
"Israel",1991,1,1,0,0,1
"Israel",1992,1,1,0,0,1
"Israel",1993,1,1,0,0,1
"Israel",1994,1,1,0,0,1
"Israel",1995,1,1,0,0,1
"Israel",1996,1,1,0,0,1
"Israel",1997,1,1,0,0,1
"Israel",1998,1,1,0,0,1
"Israel",1999,1,1,0,0,1
"Italy",1981,0,0,0,0,0
"Italy",1982,0,0,0,0,0
"Italy",1983,0,0,0,0,0
"Italy",1984,0,0,0,0,0
"Italy",1985,1,0,0,0,0
"Italy",1986,1,0,0,0,0
"Italy",1987,1,0,0,0,0
"Italy",1988,1,0,0,0,0
"Italy",1989,1,1,0,0,1
"Italy",1990,1,1,0,0,1
"Italy",1991,1,1,0,0,1
"Italy",1992,1,1,0,0,1
"Italy",1993,1,1,0,0,1
"Italy",1994,1,1,0,0,1
"Italy",1995,1,1,0,0,1
"Italy",1996,1,1,0,0,1
"Italy",1997,1,1,0,0,1
"Italy",1998,1,1,0,0,1
"Italy",1999,1,1,0,0,1
"Japan",1981,0,0,0,0,0
"Japan",1982,0,0,0,0,0
"Japan",1983,0,0,0,0,0
"Japan",1984,0,0,0,0,0
"Japan",1985,0,0,0,0,0
"Japan",1986,0,0,0,0,0
"Japan",1987,0,0,0,0,0
"Japan",1988,0,0,0,0,0
"Japan",1989,0,0,0,0,0
"Japan",1990,0,0,0,0,0
"Japan",1991,0,0,0,0,0
"Japan",1992,0,0,0,0,0
"Japan",1993,0,0,0,0,0
"Japan",1994,0,0,0,0,0
"Japan",1995,0,0,0,0,0
"Japan",1996,0,0,0,0,0
"Japan",1997,0,0,0,0,0
"Japan",1998,0,0,0,0,0
"Japan",1999,0,0,1,0,1
"Jordan",1981,0,0,0,0,0
"Jordan",1982,0,0,0,0,0
"Jordan",1983,0,0,0,0,0
"Jordan",1984,0,0,0,0,0
"Jordan",1985,0,0,0,0,0
"Jordan",1986,0,0,0,0,0
"Jordan",1987,0,0,0,0,0
"Jordan",1988,0,0,0,0,0
"Jordan",1989,0,0,0,0,0
"Jordan",1990,0,0,0,0,0
"Jordan",1991,0,0,1,0,1
"Jordan",1992,0,0,1,0,1
"Jordan",1993,0,0,1,0,1
"Jordan",1994,0,0,1,0,1
"Jordan",1995,0,0,1,0,1
"Jordan",1996,0,0,1,0,1
"Jordan",1997,0,0,1,0,1
"Jordan",1998,0,0,1,0,1
"Jordan",1999,0,0,1,0,1
"Kazakhstan",1981,0,0,0,0,0
"Kazakhstan",1982,0,0,0,0,0
"Kazakhstan",1983,0,0,0,0,0
"Kazakhstan",1984,0,0,0,0,0
"Kazakhstan",1985,0,0,0,0,0
"Kazakhstan",1986,0,0,0,0,0
"Kazakhstan",1987,0,0,0,0,0
"Kazakhstan",1988,0,0,0,0,0
"Kazakhstan",1989,0,0,0,0,0
"Kazakhstan",1990,0,0,0,0,0
"Kazakhstan",1991,0,0,0,0,0
"Kazakhstan",1992,0,0,0,0,0
"Kazakhstan",1993,0,0,0,0,0
"Kazakhstan",1994,0,0,0,0,0
"Kazakhstan",1995,0,0,0,0,0
"Kazakhstan",1996,0,0,0,0,0
"Kazakhstan",1997,0,0,0,0,0
"Kazakhstan",1998,0,0,1,0,1
"Kazakhstan",1999,0,0,1,0,1
"Kenya",1981,0,0,0,0,0
"Kenya",1982,0,0,0,0,0
"Kenya",1983,0,0,0,0,0
"Kenya",1984,0,0,0,0,0
"Kenya",1985,0,0,0,0,0
"Kenya",1986,0,0,0,0,0
"Kenya",1987,0,0,0,0,0
"Kenya",1988,0,0,0,0,0
"Kenya",1989,0,0,0,0,0
"Kenya",1990,0,0,0,0,0
"Kenya",1991,0,0,0,0,0
"Kenya",1992,0,0,0,0,0
"Kenya",1993,0,0,0,0,0
"Kenya",1994,0,0,0,0,0
"Kenya",1995,0,0,0,0,0
"Kenya",1996,0,0,0,0,0
"Kenya",1997,0,0,1,0,1
"Kenya",1998,0,0,1,0,1
"Kenya",1999,0,0,1,0,1
"Kuwait",1981,0,0,0,0,0
"Kuwait",1982,0,0,0,0,0
"Kuwait",1983,0,0,0,0,0
"Kuwait",1984,0,0,0,0,0
"Kuwait",1985,0,0,0,0,0
"Kuwait",1986,0,0,0,0,0
"Kuwait",1987,0,0,0,0,0
"Kuwait",1988,0,0,0,0,0
"Kuwait",1989,0,0,0,0,0
"Kuwait",1990,0,0,0,0,0
"Kuwait",1991,0,0,0,0,0
"Kuwait",1992,0,0,0,0,0
"Kuwait",1993,0,0,0,0,0
"Kuwait",1994,0,0,0,0,0
"Kuwait",1995,0,0,0,0,0
"Kuwait",1996,0,0,1,0,1
"Kuwait",1997,0,0,1,0,1
"Kuwait",1998,0,0,1,0,1
"Kuwait",1999,0,0,1,0,1
"Kyrgyzstan",1981,0,0,0,0,0
"Kyrgyzstan",1982,0,0,0,0,0
"Kyrgyzstan",1983,0,0,0,0,0
"Kyrgyzstan",1984,0,0,0,0,0
"Kyrgyzstan",1985,0,0,0,0,0
"Kyrgyzstan",1986,0,0,0,0,0
"Kyrgyzstan",1987,0,0,0,0,0
"Kyrgyzstan",1988,0,0,0,0,0
"Kyrgyzstan",1989,0,0,0,0,0
"Kyrgyzstan",1990,0,0,0,0,0
"Kyrgyzstan",1991,0,0,0,0,0
"Kyrgyzstan",1992,0,0,0,0,0
"Kyrgyzstan",1993,0,0,0,0,0
"Kyrgyzstan",1994,0,0,0,0,0
"Kyrgyzstan",1995,0,0,0,0,0
"Kyrgyzstan",1996,0,0,0,0,0
"Kyrgyzstan",1997,0,0,1,0,1
"Kyrgyzstan",1998,0,0,1,0,1
"Kyrgyzstan",1999,0,0,1,0,1
"Lao People's Democratic Republic",1981,0,0,0,0,0
"Lao People's Democratic Republic",1982,0,0,0,0,0
"Lao People's Democratic Republic",1983,0,0,0,0,0
"Lao People's Democratic Republic",1984,0,0,0,0,0
"Lao People's Democratic Republic",1985,0,0,0,0,0
"Lao People's Democratic Republic",1986,0,0,0,0,0
"Lao People's Democratic Republic",1987,0,0,0,0,0
"Lao People's Democratic Republic",1988,0,0,0,0,0
"Lao People's Democratic Republic",1989,0,0,0,0,0
"Lao People's Democratic Republic",1990,0,0,0,0,0
"Lao People's Democratic Republic",1991,0,0,0,0,0
"Lao People's Democratic Republic",1992,0,0,0,0,0
"Lao People's Democratic Republic",1993,0,0,0,0,0
"Lao People's Democratic Republic",1994,0,0,0,0,0
"Lao People's Democratic Republic",1995,0,0,0,0,0
"Lao People's Democratic Republic",1996,0,0,0,0,0
"Lao People's Democratic Republic",1997,0,0,0,0,0
"Lao People's Democratic Republic",1998,0,0,0,0,0
"Lao People's Democratic Republic",1999,0,0,0,0,0
"Latvia",1981,0,0,0,0,0
"Latvia",1982,0,0,0,0,0
"Latvia",1983,0,0,0,0,0
"Latvia",1984,0,0,0,0,0
"Latvia",1985,0,0,0,0,0
"Latvia",1986,0,0,0,0,0
"Latvia",1987,0,0,0,0,0
"Latvia",1988,0,0,0,0,0
"Latvia",1989,0,0,0,0,0
"Latvia",1990,0,0,0,0,0
"Latvia",1991,0,0,0,0,0
"Latvia",1992,0,0,1,0,1
"Latvia",1993,0,0,1,0,1
"Latvia",1994,0,0,1,0,1
"Latvia",1995,0,0,1,0,1
"Latvia",1996,0,0,1,0,1
"Latvia",1997,0,0,1,0,1
"Latvia",1998,0,0,1,0,1
"Latvia",1999,0,0,1,0,1
"Lebanon",1981,0,0,0,0,0
"Lebanon",1982,0,0,0,0,0
"Lebanon",1983,0,0,0,0,0
"Lebanon",1984,0,0,0,0,0
"Lebanon",1985,0,0,0,0,0
"Lebanon",1986,0,0,0,0,0
"Lebanon",1987,0,0,0,0,0
"Lebanon",1988,0,0,0,0,0
"Lebanon",1989,0,0,0,0,0
"Lebanon",1990,0,0,0,0,0
"Lebanon",1991,0,0,0,0,0
"Lebanon",1992,0,0,0,0,0
"Lebanon",1993,0,0,0,0,0
"Lebanon",1994,0,0,0,0,0
"Lebanon",1995,0,0,0,0,0
"Lebanon",1996,0,0,0,0,0
"Lebanon",1997,0,0,0,0,0
"Lebanon",1998,0,0,0,0,0
"Lebanon",1999,0,0,0,0,0
"Lesotho",1981,0,0,0,0,0
"Lesotho",1982,0,0,0,0,0
"Lesotho",1983,0,0,0,0,0
"Lesotho",1984,0,0,0,0,0
"Lesotho",1985,0,0,0,0,0
"Lesotho",1986,0,0,0,0,0
"Lesotho",1987,0,0,0,0,0
"Lesotho",1988,0,0,0,0,0
"Lesotho",1989,0,0,0,0,0
"Lesotho",1990,0,0,0,0,0
"Lesotho",1991,0,0,0,0,0
"Lesotho",1992,0,0,0,0,0
"Lesotho",1993,0,0,0,0,0
"Lesotho",1994,0,0,0,0,0
"Lesotho",1995,0,0,0,0,0
"Lesotho",1996,0,0,0,0,0
"Lesotho",1997,0,0,0,0,0
"Lesotho",1998,0,0,0,0,0
"Lesotho",1999,0,0,0,0,0
"Liberia",1981,0,0,0,0,0
"Liberia",1982,0,0,0,0,0
"Liberia",1983,0,0,0,0,0
"Liberia",1984,0,0,0,0,0
"Liberia",1985,0,0,0,0,0
"Liberia",1986,0,0,0,0,0
"Liberia",1987,0,0,0,0,0
"Liberia",1988,0,0,0,0,0
"Liberia",1989,0,0,0,0,0
"Liberia",1990,0,0,0,0,0
"Liberia",1991,0,0,0,0,0
"Liberia",1992,0,0,0,0,0
"Liberia",1993,0,0,0,0,0
"Liberia",1994,0,0,0,0,0
"Liberia",1995,0,0,0,0,0
"Liberia",1996,0,0,0,0,0
"Liberia",1997,0,0,0,0,0
"Liberia",1998,0,0,0,0,0
"Liberia",1999,0,0,0,0,0
"Libya",1981,0,0,0,0,0
"Libya",1982,0,0,0,0,0
"Libya",1983,0,0,0,0,0
"Libya",1984,0,0,0,0,0
"Libya",1985,0,0,0,0,0
"Libya",1986,0,0,0,0,0
"Libya",1987,0,0,0,0,0
"Libya",1988,0,0,0,0,0
"Libya",1989,0,0,1,0,1
"Libya",1990,0,0,1,0,1
"Libya",1991,0,0,1,0,1
"Libya",1992,0,0,1,0,1
"Libya",1993,0,0,1,0,1
"Libya",1994,0,0,1,0,1
"Libya",1995,0,0,1,0,1
"Libya",1996,0,0,1,0,1
"Libya",1997,0,0,1,0,1
"Libya",1998,0,0,1,0,1
"Libya",1999,0,0,1,0,1
"Liechtenstein",1981,0,0,0,0,0
"Liechtenstein",1982,0,0,0,0,0
"Liechtenstein",1983,0,0,0,0,0
"Liechtenstein",1984,0,0,0,0,0
"Liechtenstein",1985,1,0,0,0,0
"Liechtenstein",1986,1,0,0,0,0
"Liechtenstein",1987,1,0,0,0,0
"Liechtenstein",1988,1,0,0,0,0
"Liechtenstein",1989,1,0,0,0,0
"Liechtenstein",1990,1,1,0,0,1
"Liechtenstein",1991,1,1,0,0,1
"Liechtenstein",1992,1,1,0,0,1
"Liechtenstein",1993,1,1,0,0,1
"Liechtenstein",1994,1,1,0,0,1
"Liechtenstein",1995,1,1,0,0,1
"Liechtenstein",1996,1,1,0,0,1
"Liechtenstein",1997,1,1,0,0,1
"Liechtenstein",1998,1,1,0,0,1
"Liechtenstein",1999,1,1,0,0,1
"Lithuania",1981,0,0,0,0,0
"Lithuania",1982,0,0,0,0,0
"Lithuania",1983,0,0,0,0,0
"Lithuania",1984,0,0,0,0,0
"Lithuania",1985,0,0,0,0,0
"Lithuania",1986,0,0,0,0,0
"Lithuania",1987,0,0,0,0,0
"Lithuania",1988,0,0,0,0,0
"Lithuania",1989,0,0,0,0,0
"Lithuania",1990,0,0,0,0,0
"Lithuania",1991,0,0,0,0,0
"Lithuania",1992,0,0,0,0,0
"Lithuania",1993,0,0,0,0,0
"Lithuania",1994,0,0,0,0,0
"Lithuania",1995,0,0,0,0,0
"Lithuania",1996,0,0,1,0,1
"Lithuania",1997,0,0,1,0,1
"Lithuania",1998,0,0,1,0,1
"Lithuania",1999,0,0,1,0,1
"Luxembourg",1981,0,0,0,0,0
"Luxembourg",1982,0,0,0,0,0
"Luxembourg",1983,0,0,0,0,0
"Luxembourg",1984,0,0,0,0,0
"Luxembourg",1985,1,0,0,0,0
"Luxembourg",1986,1,0,0,0,0
"Luxembourg",1987,1,1,0,0,1
"Luxembourg",1988,1,1,0,0,1
"Luxembourg",1989,1,1,0,0,1
"Luxembourg",1990,1,1,0,0,1
"Luxembourg",1991,1,1,0,0,1
"Luxembourg",1992,1,1,0,0,1
"Luxembourg",1993,1,1,0,0,1
"Luxembourg",1994,1,1,0,0,1
"Luxembourg",1995,1,1,0,0,1
"Luxembourg",1996,1,1,0,0,1
"Luxembourg",1997,1,1,0,0,1
"Luxembourg",1998,1,1,0,0,1
"Luxembourg",1999,1,1,0,0,1
"Madagascar",1981,0,0,0,0,0
"Madagascar",1982,0,0,0,0,0
"Madagascar",1983,0,0,0,0,0
"Madagascar",1984,0,0,0,0,0
"Madagascar",1985,0,0,0,0,0
"Madagascar",1986,0,0,0,0,0
"Madagascar",1987,0,0,0,0,0
"Madagascar",1988,0,0,0,0,0
"Madagascar",1989,0,0,0,0,0
"Madagascar",1990,0,0,0,0,0
"Madagascar",1991,0,0,0,0,0
"Madagascar",1992,0,0,0,0,0
"Madagascar",1993,0,0,0,0,0
"Madagascar",1994,0,0,0,0,0
"Madagascar",1995,0,0,0,0,0
"Madagascar",1996,0,0,0,0,0
"Madagascar",1997,0,0,0,0,0
"Madagascar",1998,0,0,0,0,0
"Madagascar",1999,0,0,0,0,0
"Malawi",1981,0,0,0,0,0
"Malawi",1982,0,0,0,0,0
"Malawi",1983,0,0,0,0,0
"Malawi",1984,0,0,0,0,0
"Malawi",1985,0,0,0,0,0
"Malawi",1986,0,0,0,0,0
"Malawi",1987,0,0,0,0,0
"Malawi",1988,0,0,0,0,0
"Malawi",1989,0,0,0,0,0
"Malawi",1990,0,0,0,0,0
"Malawi",1991,0,0,0,0,0
"Malawi",1992,0,0,0,0,0
"Malawi",1993,0,0,0,0,0
"Malawi",1994,0,0,0,0,0
"Malawi",1995,0,0,0,0,0
"Malawi",1996,0,0,1,0,1
"Malawi",1997,0,0,1,0,1
"Malawi",1998,0,0,1,0,1
"Malawi",1999,0,0,1,0,1
"Maldives",1981,0,0,0,0,0
"Maldives",1982,0,0,0,0,0
"Maldives",1983,0,0,0,0,0
"Maldives",1984,0,0,0,0,0
"Maldives",1985,0,0,0,0,0
"Maldives",1986,0,0,0,0,0
"Maldives",1987,0,0,0,0,0
"Maldives",1988,0,0,0,0,0
"Maldives",1989,0,0,0,0,0
"Maldives",1990,0,0,0,0,0
"Maldives",1991,0,0,0,0,0
"Maldives",1992,0,0,0,0,0
"Maldives",1993,0,0,0,0,0
"Maldives",1994,0,0,0,0,0
"Maldives",1995,0,0,0,0,0
"Maldives",1996,0,0,0,0,0
"Maldives",1997,0,0,0,0,0
"Maldives",1998,0,0,0,0,0
"Maldives",1999,0,0,0,0,0
"Mali",1981,0,0,0,0,0
"Mali",1982,0,0,0,0,0
"Mali",1983,0,0,0,0,0
"Mali",1984,0,0,0,0,0
"Mali",1985,0,0,0,0,0
"Mali",1986,0,0,0,0,0
"Mali",1987,0,0,0,0,0
"Mali",1988,0,0,0,0,0
"Mali",1989,0,0,0,0,0
"Mali",1990,0,0,0,0,0
"Mali",1991,0,0,0,0,0
"Mali",1992,0,0,0,0,0
"Mali",1993,0,0,0,0,0
"Mali",1994,0,0,0,0,0
"Mali",1995,0,0,0,0,0
"Mali",1996,0,0,0,0,0
"Mali",1997,0,0,0,0,0
"Mali",1998,0,0,0,0,0
"Mali",1999,0,0,1,0,1
"Malta",1981,0,0,0,0,0
"Malta",1982,0,0,0,0,0
"Malta",1983,0,0,0,0,0
"Malta",1984,0,0,0,0,0
"Malta",1985,0,0,0,0,0
"Malta",1986,0,0,0,0,0
"Malta",1987,0,0,0,0,0
"Malta",1988,0,0,0,0,0
"Malta",1989,0,0,0,0,0
"Malta",1990,0,0,1,0,1
"Malta",1991,0,0,1,0,1
"Malta",1992,0,0,1,0,1
"Malta",1993,0,0,1,0,1
"Malta",1994,0,0,1,0,1
"Malta",1995,0,0,1,0,1
"Malta",1996,0,0,1,0,1
"Malta",1997,0,0,1,0,1
"Malta",1998,0,0,1,0,1
"Malta",1999,0,0,1,0,1
"Mauritania",1981,0,0,0,0,0
"Mauritania",1982,0,0,0,0,0
"Mauritania",1983,0,0,0,0,0
"Mauritania",1984,0,0,0,0,0
"Mauritania",1985,0,0,0,0,0
"Mauritania",1986,0,0,0,0,0
"Mauritania",1987,0,0,0,0,0
"Mauritania",1988,0,0,0,0,0
"Mauritania",1989,0,0,0,0,0
"Mauritania",1990,0,0,0,0,0
"Mauritania",1991,0,0,0,0,0
"Mauritania",1992,0,0,0,0,0
"Mauritania",1993,0,0,0,0,0
"Mauritania",1994,0,0,0,0,0
"Mauritania",1995,0,0,0,0,0
"Mauritania",1996,0,0,0,0,0
"Mauritania",1997,0,0,0,0,0
"Mauritania",1998,0,0,0,0,0
"Mauritania",1999,0,0,0,0,0
"Mauritius",1981,0,0,0,0,0
"Mauritius",1982,0,0,0,0,0
"Mauritius",1983,0,0,0,0,0
"Mauritius",1984,0,0,0,0,0
"Mauritius",1985,0,0,0,0,0
"Mauritius",1986,0,0,0,0,0
"Mauritius",1987,0,0,0,0,0
"Mauritius",1988,0,0,0,0,0
"Mauritius",1989,0,0,0,0,0
"Mauritius",1990,0,0,0,0,0
"Mauritius",1991,0,0,0,0,0
"Mauritius",1992,0,0,1,0,1
"Mauritius",1993,0,0,1,0,1
"Mauritius",1994,0,0,1,0,1
"Mauritius",1995,0,0,1,0,1
"Mauritius",1996,0,0,1,0,1
"Mauritius",1997,0,0,1,0,1
"Mauritius",1998,0,0,1,0,1
"Mauritius",1999,0,0,1,0,1
"Mexico",1981,0,0,0,0,0
"Mexico",1982,0,0,0,0,0
"Mexico",1983,0,0,0,0,0
"Mexico",1984,0,0,0,0,0
"Mexico",1985,1,0,0,0,0
"Mexico",1986,1,1,0,0,1
"Mexico",1987,1,1,0,0,1
"Mexico",1988,1,1,0,0,1
"Mexico",1989,1,1,0,0,1
"Mexico",1990,1,1,0,0,1
"Mexico",1991,1,1,0,0,1
"Mexico",1992,1,1,0,0,1
"Mexico",1993,1,1,0,0,1
"Mexico",1994,1,1,0,0,1
"Mexico",1995,1,1,0,0,1
"Mexico",1996,1,1,0,0,1
"Mexico",1997,1,1,0,0,1
"Mexico",1998,1,1,0,0,1
"Mexico",1999,1,1,0,0,1
"Monaco",1981,0,0,0,0,0
"Monaco",1982,0,0,0,0,0
"Monaco",1983,0,0,0,0,0
"Monaco",1984,0,0,0,0,0
"Monaco",1985,0,0,0,0,0
"Monaco",1986,0,0,0,0,0
"Monaco",1987,0,0,0,0,0
"Monaco",1988,0,0,0,0,0
"Monaco",1989,0,0,0,0,0
"Monaco",1990,0,0,0,0,0
"Monaco",1991,0,0,1,0,1
"Monaco",1992,0,0,1,0,1
"Monaco",1993,0,0,1,0,1
"Monaco",1994,0,0,1,0,1
"Monaco",1995,0,0,1,0,1
"Monaco",1996,0,0,1,0,1
"Monaco",1997,0,0,1,0,1
"Monaco",1998,0,0,1,0,1
"Monaco",1999,0,0,1,0,1
"Mongolia",1981,0,0,0,0,0
"Mongolia",1982,0,0,0,0,0
"Mongolia",1983,0,0,0,0,0
"Mongolia",1984,0,0,0,0,0
"Mongolia",1985,0,0,0,0,0
"Mongolia",1986,0,0,0,0,0
"Mongolia",1987,0,0,0,0,0
"Mongolia",1988,0,0,0,0,0
"Mongolia",1989,0,0,0,0,0
"Mongolia",1990,0,0,0,0,0
"Mongolia",1991,0,0,0,0,0
"Mongolia",1992,0,0,0,0,0
"Mongolia",1993,0,0,0,0,0
"Mongolia",1994,0,0,0,0,0
"Mongolia",1995,0,0,0,0,0
"Mongolia",1996,0,0,0,0,0
"Mongolia",1997,0,0,0,0,0
"Mongolia",1998,0,0,0,0,0
"Mongolia",1999,0,0,0,0,0
"Montenegro",1981,0,0,0,0,0
"Montenegro",1982,0,0,0,0,0
"Montenegro",1983,0,0,0,0,0
"Montenegro",1984,0,0,0,0,0
"Montenegro",1985,0,0,0,0,0
"Montenegro",1986,0,0,0,0,0
"Montenegro",1987,0,0,0,0,0
"Montenegro",1988,0,0,0,0,0
"Montenegro",1989,0,0,0,0,0
"Montenegro",1990,0,0,0,0,0
"Montenegro",1991,0,0,0,0,0
"Montenegro",1992,0,0,0,0,0
"Montenegro",1993,0,0,0,0,0
"Montenegro",1994,0,0,0,0,0
"Montenegro",1995,0,0,0,0,0
"Montenegro",1996,0,0,0,0,0
"Montenegro",1997,0,0,0,0,0
"Montenegro",1998,0,0,0,0,0
"Montenegro",1999,0,0,0,0,0
"Morocco",1981,0,0,0,0,0
"Morocco",1982,0,0,0,0,0
"Morocco",1983,0,0,0,0,0
"Morocco",1984,0,0,0,0,0
"Morocco",1985,0,0,0,0,0
"Morocco",1986,1,0,0,0,0
"Morocco",1987,1,0,0,0,0
"Morocco",1988,1,0,0,0,0
"Morocco",1989,1,0,0,0,0
"Morocco",1990,1,0,0,0,0
"Morocco",1991,1,0,0,0,0
"Morocco",1992,1,0,0,0,0
"Morocco",1993,1,1,0,0,1
"Morocco",1994,1,1,0,0,1
"Morocco",1995,1,1,0,0,1
"Morocco",1996,1,1,0,0,1
"Morocco",1997,1,1,0,0,1
"Morocco",1998,1,1,0,0,1
"Morocco",1999,1,1,0,0,1
"Mozambique",1981,0,0,0,0,0
"Mozambique",1982,0,0,0,0,0
"Mozambique",1983,0,0,0,0,0
"Mozambique",1984,0,0,0,0,0
"Mozambique",1985,0,0,0,0,0
"Mozambique",1986,0,0,0,0,0
"Mozambique",1987,0,0,0,0,0
"Mozambique",1988,0,0,0,0,0
"Mozambique",1989,0,0,0,0,0
"Mozambique",1990,0,0,0,0,0
"Mozambique",1991,0,0,0,0,0
"Mozambique",1992,0,0,0,0,0
"Mozambique",1993,0,0,0,0,0
"Mozambique",1994,0,0,0,0,0
"Mozambique",1995,0,0,0,0,0
"Mozambique",1996,0,0,0,0,0
"Mozambique",1997,0,0,0,0,0
"Mozambique",1998,0,0,0,0,0
"Mozambique",1999,0,0,1,0,1
"Namibia",1981,0,0,0,0,0
"Namibia",1982,0,0,0,0,0
"Namibia",1983,0,0,0,0,0
"Namibia",1984,0,0,0,0,0
"Namibia",1985,0,0,0,0,0
"Namibia",1986,0,0,0,0,0
"Namibia",1987,0,0,0,0,0
"Namibia",1988,0,0,0,0,0
"Namibia",1989,0,0,0,0,0
"Namibia",1990,0,0,0,0,0
"Namibia",1991,0,0,0,0,0
"Namibia",1992,0,0,0,0,0
"Namibia",1993,0,0,0,0,0
"Namibia",1994,0,0,1,0,1
"Namibia",1995,0,0,1,0,1
"Namibia",1996,0,0,1,0,1
"Namibia",1997,0,0,1,0,1
"Namibia",1998,0,0,1,0,1
"Namibia",1999,0,0,1,0,1
"Nauru",1981,0,0,0,0,0
"Nauru",1982,0,0,0,0,0
"Nauru",1983,0,0,0,0,0
"Nauru",1984,0,0,0,0,0
"Nauru",1985,0,0,0,0,0
"Nauru",1986,0,0,0,0,0
"Nauru",1987,0,0,0,0,0
"Nauru",1988,0,0,0,0,0
"Nauru",1989,0,0,0,0,0
"Nauru",1990,0,0,0,0,0
"Nauru",1991,0,0,0,0,0
"Nauru",1992,0,0,0,0,0
"Nauru",1993,0,0,0,0,0
"Nauru",1994,0,0,0,0,0
"Nauru",1995,0,0,0,0,0
"Nauru",1996,0,0,0,0,0
"Nauru",1997,0,0,0,0,0
"Nauru",1998,0,0,0,0,0
"Nauru",1999,0,0,0,0,0
"Nepal",1981,0,0,0,0,0
"Nepal",1982,0,0,0,0,0
"Nepal",1983,0,0,0,0,0
"Nepal",1984,0,0,0,0,0
"Nepal",1985,0,0,0,0,0
"Nepal",1986,0,0,0,0,0
"Nepal",1987,0,0,0,0,0
"Nepal",1988,0,0,0,0,0
"Nepal",1989,0,0,0,0,0
"Nepal",1990,0,0,0,0,0
"Nepal",1991,0,0,1,0,1
"Nepal",1992,0,0,1,0,1
"Nepal",1993,0,0,1,0,1
"Nepal",1994,0,0,1,0,1
"Nepal",1995,0,0,1,0,1
"Nepal",1996,0,0,1,0,1
"Nepal",1997,0,0,1,0,1
"Nepal",1998,0,0,1,0,1
"Nepal",1999,0,0,1,0,1
"Netherlands",1981,0,0,0,0,0
"Netherlands",1982,0,0,0,0,0
"Netherlands",1983,0,0,0,0,0
"Netherlands",1984,0,0,0,0,0
"Netherlands",1985,1,0,0,0,0
"Netherlands",1986,1,0,0,0,0
"Netherlands",1987,1,0,0,0,0
"Netherlands",1988,1,1,0,0,1
"Netherlands",1989,1,1,0,0,1
"Netherlands",1990,1,1,0,0,1
"Netherlands",1991,1,1,0,0,1
"Netherlands",1992,1,1,0,0,1
"Netherlands",1993,1,1,0,0,1
"Netherlands",1994,1,1,0,0,1
"Netherlands",1995,1,1,0,0,1
"Netherlands",1996,1,1,0,0,1
"Netherlands",1997,1,1,0,0,1
"Netherlands",1998,1,1,0,0,1
"Netherlands",1999,1,1,0,0,1
"New Zealand",1981,0,0,0,0,0
"New Zealand",1982,0,0,0,0,0
"New Zealand",1983,0,0,0,0,0
"New Zealand",1984,0,0,0,0,0
"New Zealand",1985,0,0,0,0,0
"New Zealand",1986,1,0,0,0,0
"New Zealand",1987,1,0,0,0,0
"New Zealand",1988,1,0,0,0,0
"New Zealand",1989,1,1,0,0,1
"New Zealand",1990,1,1,0,0,1
"New Zealand",1991,1,1,0,0,1
"New Zealand",1992,1,1,0,0,1
"New Zealand",1993,1,1,0,0,1
"New Zealand",1994,1,1,0,0,1
"New Zealand",1995,1,1,0,0,1
"New Zealand",1996,1,1,0,0,1
"New Zealand",1997,1,1,0,0,1
"New Zealand",1998,1,1,0,0,1
"New Zealand",1999,1,1,0,0,1
"Nicaragua",1981,0,0,0,0,0
"Nicaragua",1982,0,0,0,0,0
"Nicaragua",1983,0,0,0,0,0
"Nicaragua",1984,0,0,0,0,0
"Nicaragua",1985,1,0,0,0,0
"Nicaragua",1986,1,0,0,0,0
"Nicaragua",1987,1,0,0,0,0
"Nicaragua",1988,1,0,0,0,0
"Nicaragua",1989,1,0,0,0,0
"Nicaragua",1990,1,0,0,0,0
"Nicaragua",1991,1,0,0,0,0
"Nicaragua",1992,1,0,0,0,0
"Nicaragua",1993,1,0,0,0,0
"Nicaragua",1994,1,0,0,0,0
"Nicaragua",1995,1,0,0,0,0
"Nicaragua",1996,1,0,0,0,0
"Nicaragua",1997,1,0,0,0,0
"Nicaragua",1998,1,0,0,0,0
"Nicaragua",1999,1,0,0,0,0
"Niger",1981,0,0,0,0,0
"Niger",1982,0,0,0,0,0
"Niger",1983,0,0,0,0,0
"Niger",1984,0,0,0,0,0
"Niger",1985,0,0,0,0,0
"Niger",1986,0,0,0,0,0
"Niger",1987,0,0,0,0,0
"Niger",1988,0,0,0,0,0
"Niger",1989,0,0,0,0,0
"Niger",1990,0,0,0,0,0
"Niger",1991,0,0,0,0,0
"Niger",1992,0,0,0,0,0
"Niger",1993,0,0,0,0,0
"Niger",1994,0,0,0,0,0
"Niger",1995,0,0,0,0,0
"Niger",1996,0,0,0,0,0
"Niger",1997,0,0,0,0,0
"Niger",1998,0,0,1,0,1
"Niger",1999,0,0,1,0,1
"Nigeria",1981,0,0,0,0,0
"Nigeria",1982,0,0,0,0,0
"Nigeria",1983,0,0,0,0,0
"Nigeria",1984,0,0,0,0,0
"Nigeria",1985,0,0,0,0,0
"Nigeria",1986,0,0,0,0,0
"Nigeria",1987,0,0,0,0,0
"Nigeria",1988,1,0,0,0,0
"Nigeria",1989,1,0,0,0,0
"Nigeria",1990,1,0,0,0,0
"Nigeria",1991,1,0,0,0,0
"Nigeria",1992,1,0,0,0,0
"Nigeria",1993,1,0,0,0,0
"Nigeria",1994,1,0,0,0,0
"Nigeria",1995,1,0,0,0,0
"Nigeria",1996,1,0,0,0,0
"Nigeria",1997,1,0,0,0,0
"Nigeria",1998,1,0,0,0,0
"Nigeria",1999,1,0,0,0,0
"Norway",1981,0,0,0,0,0
"Norway",1982,0,0,0,0,0
"Norway",1983,0,0,0,0,0
"Norway",1984,0,0,0,0,0
"Norway",1985,1,0,0,0,0
"Norway",1986,1,1,0,0,1
"Norway",1987,1,1,0,0,1
"Norway",1988,1,1,0,0,1
"Norway",1989,1,1,0,0,1
"Norway",1990,1,1,0,0,1
"Norway",1991,1,1,0,0,1
"Norway",1992,1,1,0,0,1
"Norway",1993,1,1,0,0,1
"Norway",1994,1,1,0,0,1
"Norway",1995,1,1,0,0,1
"Norway",1996,1,1,0,0,1
"Norway",1997,1,1,0,0,1
"Norway",1998,1,1,0,0,1
"Norway",1999,1,1,0,0,1
"Pakistan",1981,0,0,0,0,0
"Pakistan",1982,0,0,0,0,0
"Pakistan",1983,0,0,0,0,0
"Pakistan",1984,0,0,0,0,0
"Pakistan",1985,0,0,0,0,0
"Pakistan",1986,0,0,0,0,0
"Pakistan",1987,0,0,0,0,0
"Pakistan",1988,0,0,0,0,0
"Pakistan",1989,0,0,0,0,0
"Pakistan",1990,0,0,0,0,0
"Pakistan",1991,0,0,0,0,0
"Pakistan",1992,0,0,0,0,0
"Pakistan",1993,0,0,0,0,0
"Pakistan",1994,0,0,0,0,0
"Pakistan",1995,0,0,0,0,0
"Pakistan",1996,0,0,0,0,0
"Pakistan",1997,0,0,0,0,0
"Pakistan",1998,0,0,0,0,0
"Pakistan",1999,0,0,0,0,0
"Palau",1981,0,0,0,0,0
"Palau",1982,0,0,0,0,0
"Palau",1983,0,0,0,0,0
"Palau",1984,0,0,0,0,0
"Palau",1985,0,0,0,0,0
"Palau",1986,0,0,0,0,0
"Palau",1987,0,0,0,0,0
"Palau",1988,0,0,0,0,0
"Palau",1989,0,0,0,0,0
"Palau",1990,0,0,0,0,0
"Palau",1991,0,0,0,0,0
"Palau",1992,0,0,0,0,0
"Palau",1993,0,0,0,0,0
"Palau",1994,0,0,0,0,0
"Palau",1995,0,0,0,0,0
"Palau",1996,0,0,0,0,0
"Palau",1997,0,0,0,0,0
"Palau",1998,0,0,0,0,0
"Palau",1999,0,0,0,0,0
"Panama",1981,0,0,0,0,0
"Panama",1982,0,0,0,0,0
"Panama",1983,0,0,0,0,0
"Panama",1984,0,0,0,0,0
"Panama",1985,1,0,0,0,0
"Panama",1986,1,0,0,0,0
"Panama",1987,1,1,0,0,1
"Panama",1988,1,1,0,0,1
"Panama",1989,1,1,0,0,1
"Panama",1990,1,1,0,0,1
"Panama",1991,1,1,0,0,1
"Panama",1992,1,1,0,0,1
"Panama",1993,1,1,0,0,1
"Panama",1994,1,1,0,0,1
"Panama",1995,1,1,0,0,1
"Panama",1996,1,1,0,0,1
"Panama",1997,1,1,0,0,1
"Panama",1998,1,1,0,0,1
"Panama",1999,1,1,0,0,1
"Paraguay",1981,0,0,0,0,0
"Paraguay",1982,0,0,0,0,0
"Paraguay",1983,0,0,0,0,0
"Paraguay",1984,0,0,0,0,0
"Paraguay",1985,0,0,0,0,0
"Paraguay",1986,0,0,0,0,0
"Paraguay",1987,0,0,0,0,0
"Paraguay",1988,0,0,0,0,0
"Paraguay",1989,1,0,0,0,0
"Paraguay",1990,1,1,0,0,1
"Paraguay",1991,1,1,0,0,1
"Paraguay",1992,1,1,0,0,1
"Paraguay",1993,1,1,0,0,1
"Paraguay",1994,1,1,0,0,1
"Paraguay",1995,1,1,0,0,1
"Paraguay",1996,1,1,0,0,1
"Paraguay",1997,1,1,0,0,1
"Paraguay",1998,1,1,0,0,1
"Paraguay",1999,1,1,0,0,1
"Peru",1981,0,0,0,0,0
"Peru",1982,0,0,0,0,0
"Peru",1983,0,0,0,0,0
"Peru",1984,0,0,0,0,0
"Peru",1985,1,0,0,0,0
"Peru",1986,1,0,0,0,0
"Peru",1987,1,0,0,0,0
"Peru",1988,1,1,0,0,1
"Peru",1989,1,1,0,0,1
"Peru",1990,1,1,0,0,1
"Peru",1991,1,1,0,0,1
"Peru",1992,1,1,0,0,1
"Peru",1993,1,1,0,0,1
"Peru",1994,1,1,0,0,1
"Peru",1995,1,1,0,0,1
"Peru",1996,1,1,0,0,1
"Peru",1997,1,1,0,0,1
"Peru",1998,1,1,0,0,1
"Peru",1999,1,1,0,0,1
"Philippines",1981,0,0,0,0,0
"Philippines",1982,0,0,0,0,0
"Philippines",1983,0,0,0,0,0
"Philippines",1984,0,0,0,0,0
"Philippines",1985,0,0,0,0,0
"Philippines",1986,0,0,1,0,1
"Philippines",1987,0,0,1,0,1
"Philippines",1988,0,0,1,0,1
"Philippines",1989,0,0,1,0,1
"Philippines",1990,0,0,1,0,1
"Philippines",1991,0,0,1,0,1
"Philippines",1992,0,0,1,0,1
"Philippines",1993,0,0,1,0,1
"Philippines",1994,0,0,1,0,1
"Philippines",1995,0,0,1,0,1
"Philippines",1996,0,0,1,0,1
"Philippines",1997,0,0,1,0,1
"Philippines",1998,0,0,1,0,1
"Philippines",1999,0,0,1,0,1
"Poland",1981,0,0,0,0,0
"Poland",1982,0,0,0,0,0
"Poland",1983,0,0,0,0,0
"Poland",1984,0,0,0,0,0
"Poland",1985,0,0,0,0,0
"Poland",1986,1,0,0,0,0
"Poland",1987,1,0,0,0,0
"Poland",1988,1,0,0,0,0
"Poland",1989,1,1,0,0,1
"Poland",1990,1,1,0,0,1
"Poland",1991,1,1,0,0,1
"Poland",1992,1,1,0,0,1
"Poland",1993,1,1,0,0,1
"Poland",1994,1,1,0,0,1
"Poland",1995,1,1,0,0,1
"Poland",1996,1,1,0,0,1
"Poland",1997,1,1,0,0,1
"Poland",1998,1,1,0,0,1
"Poland",1999,1,1,0,0,1
"Portugal",1981,0,0,0,0,0
"Portugal",1982,0,0,0,0,0
"Portugal",1983,0,0,0,0,0
"Portugal",1984,0,0,0,0,0
"Portugal",1985,1,0,0,0,0
"Portugal",1986,1,0,0,0,0
"Portugal",1987,1,0,0,0,0
"Portugal",1988,1,0,0,0,0
"Portugal",1989,1,1,0,0,1
"Portugal",1990,1,1,0,0,1
"Portugal",1991,1,1,0,0,1
"Portugal",1992,1,1,0,0,1
"Portugal",1993,1,1,0,0,1
"Portugal",1994,1,1,0,0,1
"Portugal",1995,1,1,0,0,1
"Portugal",1996,1,1,0,0,1
"Portugal",1997,1,1,0,0,1
"Portugal",1998,1,1,0,0,1
"Portugal",1999,1,1,0,0,1
"Qatar",1981,0,0,0,0,0
"Qatar",1982,0,0,0,0,0
"Qatar",1983,0,0,0,0,0
"Qatar",1984,0,0,0,0,0
"Qatar",1985,0,0,0,0,0
"Qatar",1986,0,0,0,0,0
"Qatar",1987,0,0,0,0,0
"Qatar",1988,0,0,0,0,0
"Qatar",1989,0,0,0,0,0
"Qatar",1990,0,0,0,0,0
"Qatar",1991,0,0,0,0,0
"Qatar",1992,0,0,0,0,0
"Qatar",1993,0,0,0,0,0
"Qatar",1994,0,0,0,0,0
"Qatar",1995,0,0,0,0,0
"Qatar",1996,0,0,0,0,0
"Qatar",1997,0,0,0,0,0
"Qatar",1998,0,0,0,0,0
"Qatar",1999,0,0,0,0,0
"Republic of Korea",1981,0,0,0,0,0
"Republic of Korea",1982,0,0,0,0,0
"Republic of Korea",1983,0,0,0,0,0
"Republic of Korea",1984,0,0,0,0,0
"Republic of Korea",1985,0,0,0,0,0
"Republic of Korea",1986,0,0,0,0,0
"Republic of Korea",1987,0,0,0,0,0
"Republic of Korea",1988,0,0,0,0,0
"Republic of Korea",1989,0,0,0,0,0
"Republic of Korea",1990,0,0,0,0,0
"Republic of Korea",1991,0,0,0,0,0
"Republic of Korea",1992,0,0,0,0,0
"Republic of Korea",1993,0,0,0,0,0
"Republic of Korea",1994,0,0,0,0,0
"Republic of Korea",1995,0,0,1,0,1
"Republic of Korea",1996,0,0,1,0,1
"Republic of Korea",1997,0,0,1,0,1
"Republic of Korea",1998,0,0,1,0,1
"Republic of Korea",1999,0,0,1,0,1
"Republic of Moldova",1981,0,0,0,0,0
"Republic of Moldova",1982,0,0,0,0,0
"Republic of Moldova",1983,0,0,0,0,0
"Republic of Moldova",1984,0,0,0,0,0
"Republic of Moldova",1985,0,0,0,0,0
"Republic of Moldova",1986,0,0,0,0,0
"Republic of Moldova",1987,0,0,0,0,0
"Republic of Moldova",1988,0,0,0,0,0
"Republic of Moldova",1989,0,0,0,0,0
"Republic of Moldova",1990,0,0,0,0,0
"Republic of Moldova",1991,0,0,0,0,0
"Republic of Moldova",1992,0,0,0,0,0
"Republic of Moldova",1993,0,0,0,0,0
"Republic of Moldova",1994,0,0,0,0,0
"Republic of Moldova",1995,0,0,1,0,1
"Republic of Moldova",1996,0,0,1,0,1
"Republic of Moldova",1997,0,0,1,0,1
"Republic of Moldova",1998,0,0,1,0,1
"Republic of Moldova",1999,0,0,1,0,1
"Romania",1981,0,0,0,0,0
"Romania",1982,0,0,0,0,0
"Romania",1983,0,0,0,0,0
"Romania",1984,0,0,0,0,0
"Romania",1985,0,0,0,0,0
"Romania",1986,0,0,0,0,0
"Romania",1987,0,0,0,0,0
"Romania",1988,0,0,0,0,0
"Romania",1989,0,0,0,0,0
"Romania",1990,0,0,1,0,1
"Romania",1991,0,0,1,0,1
"Romania",1992,0,0,1,0,1
"Romania",1993,0,0,1,0,1
"Romania",1994,0,0,1,0,1
"Romania",1995,0,0,1,0,1
"Romania",1996,0,0,1,0,1
"Romania",1997,0,0,1,0,1
"Romania",1998,0,0,1,0,1
"Romania",1999,0,0,1,0,1
"Russian Federation",1981,0,0,0,0,0
"Russian Federation",1982,0,0,0,0,0
"Russian Federation",1983,0,0,0,0,0
"Russian Federation",1984,0,0,0,0,0
"Russian Federation",1985,1,0,0,0,0
"Russian Federation",1986,1,0,0,0,0
"Russian Federation",1987,1,1,0,0,1
"Russian Federation",1988,1,1,0,0,1
"Russian Federation",1989,1,1,0,0,1
"Russian Federation",1990,1,1,0,0,1
"Russian Federation",1991,1,1,0,0,1
"Russian Federation",1992,1,1,0,0,1
"Russian Federation",1993,1,1,0,0,1
"Russian Federation",1994,1,1,0,0,1
"Russian Federation",1995,1,1,0,0,1
"Russian Federation",1996,1,1,0,0,1
"Russian Federation",1997,1,1,0,0,1
"Russian Federation",1998,1,1,0,0,1
"Russian Federation",1999,1,1,0,0,1
"Rwanda",1981,0,0,0,0,0
"Rwanda",1982,0,0,0,0,0
"Rwanda",1983,0,0,0,0,0
"Rwanda",1984,0,0,0,0,0
"Rwanda",1985,0,0,0,0,0
"Rwanda",1986,0,0,0,0,0
"Rwanda",1987,0,0,0,0,0
"Rwanda",1988,0,0,0,0,0
"Rwanda",1989,0,0,0,0,0
"Rwanda",1990,0,0,0,0,0
"Rwanda",1991,0,0,0,0,0
"Rwanda",1992,0,0,0,0,0
"Rwanda",1993,0,0,0,0,0
"Rwanda",1994,0,0,0,0,0
"Rwanda",1995,0,0,0,0,0
"Rwanda",1996,0,0,0,0,0
"Rwanda",1997,0,0,0,0,0
"Rwanda",1998,0,0,0,0,0
"Rwanda",1999,0,0,0,0,0
"San Marino",1981,0,0,0,0,0
"San Marino",1982,0,0,0,0,0
"San Marino",1983,0,0,0,0,0
"San Marino",1984,0,0,0,0,0
"San Marino",1985,0,0,0,0,0
"San Marino",1986,0,0,0,0,0
"San Marino",1987,0,0,0,0,0
"San Marino",1988,0,0,0,0,0
"San Marino",1989,0,0,0,0,0
"San Marino",1990,0,0,0,0,0
"San Marino",1991,0,0,0,0,0
"San Marino",1992,0,0,0,0,0
"San Marino",1993,0,0,0,0,0
"San Marino",1994,0,0,0,0,0
"San Marino",1995,0,0,0,0,0
"San Marino",1996,0,0,0,0,0
"San Marino",1997,0,0,0,0,0
"San Marino",1998,0,0,0,0,0
"San Marino",1999,0,0,0,0,0
"Sao Tome and Principe",1981,0,0,0,0,0
"Sao Tome and Principe",1982,0,0,0,0,0
"Sao Tome and Principe",1983,0,0,0,0,0
"Sao Tome and Principe",1984,0,0,0,0,0
"Sao Tome and Principe",1985,0,0,0,0,0
"Sao Tome and Principe",1986,0,0,0,0,0
"Sao Tome and Principe",1987,0,0,0,0,0
"Sao Tome and Principe",1988,0,0,0,0,0
"Sao Tome and Principe",1989,0,0,0,0,0
"Sao Tome and Principe",1990,0,0,0,0,0
"Sao Tome and Principe",1991,0,0,0,0,0
"Sao Tome and Principe",1992,0,0,0,0,0
"Sao Tome and Principe",1993,0,0,0,0,0
"Sao Tome and Principe",1994,0,0,0,0,0
"Sao Tome and Principe",1995,0,0,0,0,0
"Sao Tome and Principe",1996,0,0,0,0,0
"Sao Tome and Principe",1997,0,0,0,0,0
"Sao Tome and Principe",1998,0,0,0,0,0
"Sao Tome and Principe",1999,0,0,0,0,0
"Saudi Arabia",1981,0,0,0,0,0
"Saudi Arabia",1982,0,0,0,0,0
"Saudi Arabia",1983,0,0,0,0,0
"Saudi Arabia",1984,0,0,0,0,0
"Saudi Arabia",1985,0,0,0,0,0
"Saudi Arabia",1986,0,0,0,0,0
"Saudi Arabia",1987,0,0,0,0,0
"Saudi Arabia",1988,0,0,0,0,0
"Saudi Arabia",1989,0,0,0,0,0
"Saudi Arabia",1990,0,0,0,0,0
"Saudi Arabia",1991,0,0,0,0,0
"Saudi Arabia",1992,0,0,0,0,0
"Saudi Arabia",1993,0,0,0,0,0
"Saudi Arabia",1994,0,0,0,0,0
"Saudi Arabia",1995,0,0,0,0,0
"Saudi Arabia",1996,0,0,0,0,0
"Saudi Arabia",1997,0,0,1,0,1
"Saudi Arabia",1998,0,0,1,0,1
"Saudi Arabia",1999,0,0,1,0,1
"Senegal",1981,0,0,0,0,0
"Senegal",1982,0,0,0,0,0
"Senegal",1983,0,0,0,0,0
"Senegal",1984,0,0,0,0,0
"Senegal",1985,1,0,0,0,0
"Senegal",1986,1,1,0,0,1
"Senegal",1987,1,1,0,0,1
"Senegal",1988,1,1,0,0,1
"Senegal",1989,1,1,0,0,1
"Senegal",1990,1,1,0,0,1
"Senegal",1991,1,1,0,0,1
"Senegal",1992,1,1,0,0,1
"Senegal",1993,1,1,0,0,1
"Senegal",1994,1,1,0,0,1
"Senegal",1995,1,1,0,0,1
"Senegal",1996,1,1,0,0,1
"Senegal",1997,1,1,0,0,1
"Senegal",1998,1,1,0,0,1
"Senegal",1999,1,1,0,0,1
"Serbia",1981,0,0,0,0,0
"Serbia",1982,0,0,0,0,0
"Serbia",1983,0,0,0,0,0
"Serbia",1984,0,0,0,0,0
"Serbia",1985,0,0,0,0,0
"Serbia",1986,0,0,0,0,0
"Serbia",1987,0,0,0,0,0
"Serbia",1988,0,0,0,0,0
"Serbia",1989,0,0,0,0,0
"Serbia",1990,0,0,0,0,0
"Serbia",1991,0,0,0,0,0
"Serbia",1992,0,0,0,0,0
"Serbia",1993,0,0,0,0,0
"Serbia",1994,0,0,0,0,0
"Serbia",1995,0,0,0,0,0
"Serbia",1996,0,0,0,0,0
"Serbia",1997,0,0,0,0,0
"Serbia",1998,0,0,0,0,0
"Serbia",1999,0,0,0,0,0
"Seychelles",1981,0,0,0,0,0
"Seychelles",1982,0,0,0,0,0
"Seychelles",1983,0,0,0,0,0
"Seychelles",1984,0,0,0,0,0
"Seychelles",1985,0,0,0,0,0
"Seychelles",1986,0,0,0,0,0
"Seychelles",1987,0,0,0,0,0
"Seychelles",1988,0,0,0,0,0
"Seychelles",1989,0,0,0,0,0
"Seychelles",1990,0,0,0,0,0
"Seychelles",1991,0,0,0,0,0
"Seychelles",1992,0,0,1,0,1
"Seychelles",1993,0,0,1,0,1
"Seychelles",1994,0,0,1,0,1
"Seychelles",1995,0,0,1,0,1
"Seychelles",1996,0,0,1,0,1
"Seychelles",1997,0,0,1,0,1
"Seychelles",1998,0,0,1,0,1
"Seychelles",1999,0,0,1,0,1
"Sierra Leone",1981,0,0,0,0,0
"Sierra Leone",1982,0,0,0,0,0
"Sierra Leone",1983,0,0,0,0,0
"Sierra Leone",1984,0,0,0,0,0
"Sierra Leone",1985,1,0,0,0,0
"Sierra Leone",1986,1,0,0,0,0
"Sierra Leone",1987,1,0,0,0,0
"Sierra Leone",1988,1,0,0,0,0
"Sierra Leone",1989,1,0,0,0,0
"Sierra Leone",1990,1,0,0,0,0
"Sierra Leone",1991,1,0,0,0,0
"Sierra Leone",1992,1,0,0,0,0
"Sierra Leone",1993,1,0,0,0,0
"Sierra Leone",1994,1,0,0,0,0
"Sierra Leone",1995,1,0,0,0,0
"Sierra Leone",1996,1,0,0,0,0
"Sierra Leone",1997,1,0,0,0,0
"Sierra Leone",1998,1,0,0,0,0
"Sierra Leone",1999,1,0,0,0,0
"Slovakia",1981,0,0,0,0,0
"Slovakia",1982,0,0,0,0,0
"Slovakia",1983,0,0,0,0,0
"Slovakia",1984,0,0,0,0,0
"Slovakia",1985,0,0,0,0,0
"Slovakia",1986,0,0,0,0,0
"Slovakia",1987,0,0,0,0,0
"Slovakia",1988,0,0,0,0,0
"Slovakia",1989,0,0,0,0,0
"Slovakia",1990,0,0,0,0,0
"Slovakia",1991,0,0,0,0,0
"Slovakia",1992,0,0,0,0,0
"Slovakia",1993,0,0,0,1,1
"Slovakia",1994,0,0,0,1,1
"Slovakia",1995,0,0,0,1,1
"Slovakia",1996,0,0,0,1,1
"Slovakia",1997,0,0,0,1,1
"Slovakia",1998,0,0,0,1,1
"Slovakia",1999,0,0,0,1,1
"Slovenia",1981,0,0,0,0,0
"Slovenia",1982,0,0,0,0,0
"Slovenia",1983,0,0,0,0,0
"Slovenia",1984,0,0,0,0,0
"Slovenia",1985,0,0,0,0,0
"Slovenia",1986,0,0,0,0,0
"Slovenia",1987,0,0,0,0,0
"Slovenia",1988,0,0,0,0,0
"Slovenia",1989,0,0,0,0,0
"Slovenia",1990,0,0,0,0,0
"Slovenia",1991,0,0,0,0,0
"Slovenia",1992,0,0,0,0,0
"Slovenia",1993,0,0,1,0,1
"Slovenia",1994,0,0,1,0,1
"Slovenia",1995,0,0,1,0,1
"Slovenia",1996,0,0,1,0,1
"Slovenia",1997,0,0,1,0,1
"Slovenia",1998,0,0,1,0,1
"Slovenia",1999,0,0,1,0,1
"Somalia",1981,0,0,0,0,0
"Somalia",1982,0,0,0,0,0
"Somalia",1983,0,0,0,0,0
"Somalia",1984,0,0,0,0,0
"Somalia",1985,0,0,0,0,0
"Somalia",1986,0,0,0,0,0
"Somalia",1987,0,0,0,0,0
"Somalia",1988,0,0,0,0,0
"Somalia",1989,0,0,0,0,0
"Somalia",1990,0,0,1,0,1
"Somalia",1991,0,0,1,0,1
"Somalia",1992,0,0,1,0,1
"Somalia",1993,0,0,1,0,1
"Somalia",1994,0,0,1,0,1
"Somalia",1995,0,0,1,0,1
"Somalia",1996,0,0,1,0,1
"Somalia",1997,0,0,1,0,1
"Somalia",1998,0,0,1,0,1
"Somalia",1999,0,0,1,0,1
"South Africa",1981,0,0,0,0,0
"South Africa",1982,0,0,0,0,0
"South Africa",1983,0,0,0,0,0
"South Africa",1984,0,0,0,0,0
"South Africa",1985,0,0,0,0,0
"South Africa",1986,0,0,0,0,0
"South Africa",1987,0,0,0,0,0
"South Africa",1988,0,0,0,0,0
"South Africa",1989,0,0,0,0,0
"South Africa",1990,0,0,0,0,0
"South Africa",1991,0,0,0,0,0
"South Africa",1992,0,0,0,0,0
"South Africa",1993,1,0,0,0,0
"South Africa",1994,1,0,0,0,0
"South Africa",1995,1,0,0,0,0
"South Africa",1996,1,0,0,0,0
"South Africa",1997,1,0,0,0,0
"South Africa",1998,1,1,0,0,1
"South Africa",1999,1,1,0,0,1
"Spain",1981,0,0,0,0,0
"Spain",1982,0,0,0,0,0
"Spain",1983,0,0,0,0,0
"Spain",1984,0,0,0,0,0
"Spain",1985,1,0,0,0,0
"Spain",1986,1,0,0,0,0
"Spain",1987,1,1,0,0,1
"Spain",1988,1,1,0,0,1
"Spain",1989,1,1,0,0,1
"Spain",1990,1,1,0,0,1
"Spain",1991,1,1,0,0,1
"Spain",1992,1,1,0,0,1
"Spain",1993,1,1,0,0,1
"Spain",1994,1,1,0,0,1
"Spain",1995,1,1,0,0,1
"Spain",1996,1,1,0,0,1
"Spain",1997,1,1,0,0,1
"Spain",1998,1,1,0,0,1
"Spain",1999,1,1,0,0,1
"Sri Lanka",1981,0,0,0,0,0
"Sri Lanka",1982,0,0,0,0,0
"Sri Lanka",1983,0,0,0,0,0
"Sri Lanka",1984,0,0,0,0,0
"Sri Lanka",1985,0,0,0,0,0
"Sri Lanka",1986,0,0,0,0,0
"Sri Lanka",1987,0,0,0,0,0
"Sri Lanka",1988,0,0,0,0,0
"Sri Lanka",1989,0,0,0,0,0
"Sri Lanka",1990,0,0,0,0,0
"Sri Lanka",1991,0,0,0,0,0
"Sri Lanka",1992,0,0,0,0,0
"Sri Lanka",1993,0,0,0,0,0
"Sri Lanka",1994,0,0,1,0,1
"Sri Lanka",1995,0,0,1,0,1
"Sri Lanka",1996,0,0,1,0,1
"Sri Lanka",1997,0,0,1,0,1
"Sri Lanka",1998,0,0,1,0,1
"Sri Lanka",1999,0,0,1,0,1
"St. Vincent and the Grenadines",1981,0,0,0,0,0
"St. Vincent and the Grenadines",1982,0,0,0,0,0
"St. Vincent and the Grenadines",1983,0,0,0,0,0
"St. Vincent and the Grenadines",1984,0,0,0,0,0
"St. Vincent and the Grenadines",1985,0,0,0,0,0
"St. Vincent and the Grenadines",1986,0,0,0,0,0
"St. Vincent and the Grenadines",1987,0,0,0,0,0
"St. Vincent and the Grenadines",1988,0,0,0,0,0
"St. Vincent and the Grenadines",1989,0,0,0,0,0
"St. Vincent and the Grenadines",1990,0,0,0,0,0
"St. Vincent and the Grenadines",1991,0,0,0,0,0
"St. Vincent and the Grenadines",1992,0,0,0,0,0
"St. Vincent and the Grenadines",1993,0,0,0,0,0
"St. Vincent and the Grenadines",1994,0,0,0,0,0
"St. Vincent and the Grenadines",1995,0,0,0,0,0
"St. Vincent and the Grenadines",1996,0,0,0,0,0
"St. Vincent and the Grenadines",1997,0,0,0,0,0
"St. Vincent and the Grenadines",1998,0,0,0,0,0
"St. Vincent and the Grenadines",1999,0,0,0,0,0
"State of Palestine",1981,0,0,0,0,0
"State of Palestine",1982,0,0,0,0,0
"State of Palestine",1983,0,0,0,0,0
"State of Palestine",1984,0,0,0,0,0
"State of Palestine",1985,0,0,0,0,0
"State of Palestine",1986,0,0,0,0,0
"State of Palestine",1987,0,0,0,0,0
"State of Palestine",1988,0,0,0,0,0
"State of Palestine",1989,0,0,0,0,0
"State of Palestine",1990,0,0,0,0,0
"State of Palestine",1991,0,0,0,0,0
"State of Palestine",1992,0,0,0,0,0
"State of Palestine",1993,0,0,0,0,0
"State of Palestine",1994,0,0,0,0,0
"State of Palestine",1995,0,0,0,0,0
"State of Palestine",1996,0,0,0,0,0
"State of Palestine",1997,0,0,0,0,0
"State of Palestine",1998,0,0,0,0,0
"State of Palestine",1999,0,0,0,0,0
"Sudan",1981,0,0,0,0,0
"Sudan",1982,0,0,0,0,0
"Sudan",1983,0,0,0,0,0
"Sudan",1984,0,0,0,0,0
"Sudan",1985,0,0,0,0,0
"Sudan",1986,1,0,0,0,0
"Sudan",1987,1,0,0,0,0
"Sudan",1988,1,0,0,0,0
"Sudan",1989,1,0,0,0,0
"Sudan",1990,1,0,0,0,0
"Sudan",1991,1,0,0,0,0
"Sudan",1992,1,0,0,0,0
"Sudan",1993,1,0,0,0,0
"Sudan",1994,1,0,0,0,0
"Sudan",1995,1,0,0,0,0
"Sudan",1996,1,0,0,0,0
"Sudan",1997,1,0,0,0,0
"Sudan",1998,1,0,0,0,0
"Sudan",1999,1,0,0,0,0
"Swaziland",1981,0,0,0,0,0
"Swaziland",1982,0,0,0,0,0
"Swaziland",1983,0,0,0,0,0
"Swaziland",1984,0,0,0,0,0
"Swaziland",1985,0,0,0,0,0
"Swaziland",1986,0,0,0,0,0
"Swaziland",1987,0,0,0,0,0
"Swaziland",1988,0,0,0,0,0
"Swaziland",1989,0,0,0,0,0
"Swaziland",1990,0,0,0,0,0
"Swaziland",1991,0,0,0,0,0
"Swaziland",1992,0,0,0,0,0
"Swaziland",1993,0,0,0,0,0
"Swaziland",1994,0,0,0,0,0
"Swaziland",1995,0,0,0,0,0
"Swaziland",1996,0,0,0,0,0
"Swaziland",1997,0,0,0,0,0
"Swaziland",1998,0,0,0,0,0
"Swaziland",1999,0,0,0,0,0
"Sweden",1981,0,0,0,0,0
"Sweden",1982,0,0,0,0,0
"Sweden",1983,0,0,0,0,0
"Sweden",1984,0,0,0,0,0
"Sweden",1985,1,0,0,0,0
"Sweden",1986,1,1,0,0,1
"Sweden",1987,1,1,0,0,1
"Sweden",1988,1,1,0,0,1
"Sweden",1989,1,1,0,0,1
"Sweden",1990,1,1,0,0,1
"Sweden",1991,1,1,0,0,1
"Sweden",1992,1,1,0,0,1
"Sweden",1993,1,1,0,0,1
"Sweden",1994,1,1,0,0,1
"Sweden",1995,1,1,0,0,1
"Sweden",1996,1,1,0,0,1
"Sweden",1997,1,1,0,0,1
"Sweden",1998,1,1,0,0,1
"Sweden",1999,1,1,0,0,1
"Switzerland",1981,0,0,0,0,0
"Switzerland",1982,0,0,0,0,0
"Switzerland",1983,0,0,0,0,0
"Switzerland",1984,0,0,0,0,0
"Switzerland",1985,1,0,0,0,0
"Switzerland",1986,1,1,0,0,1
"Switzerland",1987,1,1,0,0,1
"Switzerland",1988,1,1,0,0,1
"Switzerland",1989,1,1,0,0,1
"Switzerland",1990,1,1,0,0,1
"Switzerland",1991,1,1,0,0,1
"Switzerland",1992,1,1,0,0,1
"Switzerland",1993,1,1,0,0,1
"Switzerland",1994,1,1,0,0,1
"Switzerland",1995,1,1,0,0,1
"Switzerland",1996,1,1,0,0,1
"Switzerland",1997,1,1,0,0,1
"Switzerland",1998,1,1,0,0,1
"Switzerland",1999,1,1,0,0,1
"Syrian Arab Republic",1981,0,0,0,0,0
"Syrian Arab Republic",1982,0,0,0,0,0
"Syrian Arab Republic",1983,0,0,0,0,0
"Syrian Arab Republic",1984,0,0,0,0,0
"Syrian Arab Republic",1985,0,0,0,0,0
"Syrian Arab Republic",1986,0,0,0,0,0
"Syrian Arab Republic",1987,0,0,0,0,0
"Syrian Arab Republic",1988,0,0,0,0,0
"Syrian Arab Republic",1989,0,0,0,0,0
"Syrian Arab Republic",1990,0,0,0,0,0
"Syrian Arab Republic",1991,0,0,0,0,0
"Syrian Arab Republic",1992,0,0,0,0,0
"Syrian Arab Republic",1993,0,0,0,0,0
"Syrian Arab Republic",1994,0,0,0,0,0
"Syrian Arab Republic",1995,0,0,0,0,0
"Syrian Arab Republic",1996,0,0,0,0,0
"Syrian Arab Republic",1997,0,0,0,0,0
"Syrian Arab Republic",1998,0,0,0,0,0
"Syrian Arab Republic",1999,0,0,0,0,0
"Tajikistan",1981,0,0,0,0,0
"Tajikistan",1982,0,0,0,0,0
"Tajikistan",1983,0,0,0,0,0
"Tajikistan",1984,0,0,0,0,0
"Tajikistan",1985,0,0,0,0,0
"Tajikistan",1986,0,0,0,0,0
"Tajikistan",1987,0,0,0,0,0
"Tajikistan",1988,0,0,0,0,0
"Tajikistan",1989,0,0,0,0,0
"Tajikistan",1990,0,0,0,0,0
"Tajikistan",1991,0,0,0,0,0
"Tajikistan",1992,0,0,0,0,0
"Tajikistan",1993,0,0,0,0,0
"Tajikistan",1994,0,0,0,0,0
"Tajikistan",1995,0,0,1,0,1
"Tajikistan",1996,0,0,1,0,1
"Tajikistan",1997,0,0,1,0,1
"Tajikistan",1998,0,0,1,0,1
"Tajikistan",1999,0,0,1,0,1
"Thailand",1981,0,0,0,0,0
"Thailand",1982,0,0,0,0,0
"Thailand",1983,0,0,0,0,0
"Thailand",1984,0,0,0,0,0
"Thailand",1985,0,0,0,0,0
"Thailand",1986,0,0,0,0,0
"Thailand",1987,0,0,0,0,0
"Thailand",1988,0,0,0,0,0
"Thailand",1989,0,0,0,0,0
"Thailand",1990,0,0,0,0,0
"Thailand",1991,0,0,0,0,0
"Thailand",1992,0,0,0,0,0
"Thailand",1993,0,0,0,0,0
"Thailand",1994,0,0,0,0,0
"Thailand",1995,0,0,0,0,0
"Thailand",1996,0,0,0,0,0
"Thailand",1997,0,0,0,0,0
"Thailand",1998,0,0,0,0,0
"Thailand",1999,0,0,0,0,0
"The former Yugoslav Republic of Macedonia",1981,0,0,0,0,0
"The former Yugoslav Republic of Macedonia",1982,0,0,0,0,0
"The former Yugoslav Republic of Macedonia",1983,0,0,0,0,0
"The former Yugoslav Republic of Macedonia",1984,0,0,0,0,0
"The former Yugoslav Republic of Macedonia",1985,0,0,0,0,0
"The former Yugoslav Republic of Macedonia",1986,0,0,0,0,0
"The former Yugoslav Republic of Macedonia",1987,0,0,0,0,0
"The former Yugoslav Republic of Macedonia",1988,0,0,0,0,0
"The former Yugoslav Republic of Macedonia",1989,0,0,0,0,0
"The former Yugoslav Republic of Macedonia",1990,0,0,0,0,0
"The former Yugoslav Republic of Macedonia",1991,0,0,0,0,0
"The former Yugoslav Republic of Macedonia",1992,0,0,0,0,0
"The former Yugoslav Republic of Macedonia",1993,0,0,0,0,0
"The former Yugoslav Republic of Macedonia",1994,0,0,0,1,1
"The former Yugoslav Republic of Macedonia",1995,0,0,0,1,1
"The former Yugoslav Republic of Macedonia",1996,0,0,0,1,1
"The former Yugoslav Republic of Macedonia",1997,0,0,0,1,1
"The former Yugoslav Republic of Macedonia",1998,0,0,0,1,1
"The former Yugoslav Republic of Macedonia",1999,0,0,0,1,1
"Timor-Leste",1981,0,0,0,0,0
"Timor-Leste",1982,0,0,0,0,0
"Timor-Leste",1983,0,0,0,0,0
"Timor-Leste",1984,0,0,0,0,0
"Timor-Leste",1985,0,0,0,0,0
"Timor-Leste",1986,0,0,0,0,0
"Timor-Leste",1987,0,0,0,0,0
"Timor-Leste",1988,0,0,0,0,0
"Timor-Leste",1989,0,0,0,0,0
"Timor-Leste",1990,0,0,0,0,0
"Timor-Leste",1991,0,0,0,0,0
"Timor-Leste",1992,0,0,0,0,0
"Timor-Leste",1993,0,0,0,0,0
"Timor-Leste",1994,0,0,0,0,0
"Timor-Leste",1995,0,0,0,0,0
"Timor-Leste",1996,0,0,0,0,0
"Timor-Leste",1997,0,0,0,0,0
"Timor-Leste",1998,0,0,0,0,0
"Timor-Leste",1999,0,0,0,0,0
"Togo",1981,0,0,0,0,0
"Togo",1982,0,0,0,0,0
"Togo",1983,0,0,0,0,0
"Togo",1984,0,0,0,0,0
"Togo",1985,0,0,0,0,0
"Togo",1986,0,0,0,0,0
"Togo",1987,1,1,0,0,1
"Togo",1988,1,1,0,0,1
"Togo",1989,1,1,0,0,1
"Togo",1990,1,1,0,0,1
"Togo",1991,1,1,0,0,1
"Togo",1992,1,1,0,0,1
"Togo",1993,1,1,0,0,1
"Togo",1994,1,1,0,0,1
"Togo",1995,1,1,0,0,1
"Togo",1996,1,1,0,0,1
"Togo",1997,1,1,0,0,1
"Togo",1998,1,1,0,0,1
"Togo",1999,1,1,0,0,1
"Tunisia",1981,0,0,0,0,0
"Tunisia",1982,0,0,0,0,0
"Tunisia",1983,0,0,0,0,0
"Tunisia",1984,0,0,0,0,0
"Tunisia",1985,0,0,0,0,0
"Tunisia",1986,0,0,0,0,0
"Tunisia",1987,1,0,0,0,0
"Tunisia",1988,1,1,0,0,1
"Tunisia",1989,1,1,0,0,1
"Tunisia",1990,1,1,0,0,1
"Tunisia",1991,1,1,0,0,1
"Tunisia",1992,1,1,0,0,1
"Tunisia",1993,1,1,0,0,1
"Tunisia",1994,1,1,0,0,1
"Tunisia",1995,1,1,0,0,1
"Tunisia",1996,1,1,0,0,1
"Tunisia",1997,1,1,0,0,1
"Tunisia",1998,1,1,0,0,1
"Tunisia",1999,1,1,0,0,1
"Turkey",1981,0,0,0,0,0
"Turkey",1982,0,0,0,0,0
"Turkey",1983,0,0,0,0,0
"Turkey",1984,0,0,0,0,0
"Turkey",1985,0,0,0,0,0
"Turkey",1986,0,0,0,0,0
"Turkey",1987,0,0,0,0,0
"Turkey",1988,1,1,0,0,1
"Turkey",1989,1,1,0,0,1
"Turkey",1990,1,1,0,0,1
"Turkey",1991,1,1,0,0,1
"Turkey",1992,1,1,0,0,1
"Turkey",1993,1,1,0,0,1
"Turkey",1994,1,1,0,0,1
"Turkey",1995,1,1,0,0,1
"Turkey",1996,1,1,0,0,1
"Turkey",1997,1,1,0,0,1
"Turkey",1998,1,1,0,0,1
"Turkey",1999,1,1,0,0,1
"Turkmenistan",1981,0,0,0,0,0
"Turkmenistan",1982,0,0,0,0,0
"Turkmenistan",1983,0,0,0,0,0
"Turkmenistan",1984,0,0,0,0,0
"Turkmenistan",1985,0,0,0,0,0
"Turkmenistan",1986,0,0,0,0,0
"Turkmenistan",1987,0,0,0,0,0
"Turkmenistan",1988,0,0,0,0,0
"Turkmenistan",1989,0,0,0,0,0
"Turkmenistan",1990,0,0,0,0,0
"Turkmenistan",1991,0,0,0,0,0
"Turkmenistan",1992,0,0,0,0,0
"Turkmenistan",1993,0,0,0,0,0
"Turkmenistan",1994,0,0,0,0,0
"Turkmenistan",1995,0,0,0,0,0
"Turkmenistan",1996,0,0,0,0,0
"Turkmenistan",1997,0,0,0,0,0
"Turkmenistan",1998,0,0,0,0,0
"Turkmenistan",1999,0,0,1,0,1
"Uganda",1981,0,0,0,0,0
"Uganda",1982,0,0,0,0,0
"Uganda",1983,0,0,0,0,0
"Uganda",1984,0,0,0,0,0
"Uganda",1985,0,0,0,0,0
"Uganda",1986,0,0,1,0,1
"Uganda",1987,0,0,1,0,1
"Uganda",1988,0,0,1,0,1
"Uganda",1989,0,0,1,0,1
"Uganda",1990,0,0,1,0,1
"Uganda",1991,0,0,1,0,1
"Uganda",1992,0,0,1,0,1
"Uganda",1993,0,0,1,0,1
"Uganda",1994,0,0,1,0,1
"Uganda",1995,0,0,1,0,1
"Uganda",1996,0,0,1,0,1
"Uganda",1997,0,0,1,0,1
"Uganda",1998,0,0,1,0,1
"Uganda",1999,0,0,1,0,1
"Ukraine",1981,0,0,0,0,0
"Ukraine",1982,0,0,0,0,0
"Ukraine",1983,0,0,0,0,0
"Ukraine",1984,0,0,0,0,0
"Ukraine",1985,0,0,0,0,0
"Ukraine",1986,1,0,0,0,0
"Ukraine",1987,1,1,0,0,1
"Ukraine",1988,1,1,0,0,1
"Ukraine",1989,1,1,0,0,1
"Ukraine",1990,1,1,0,0,1
"Ukraine",1991,1,1,0,0,1
"Ukraine",1992,1,1,0,0,1
"Ukraine",1993,1,1,0,0,1
"Ukraine",1994,1,1,0,0,1
"Ukraine",1995,1,1,0,0,1
"Ukraine",1996,1,1,0,0,1
"Ukraine",1997,1,1,0,0,1
"Ukraine",1998,1,1,0,0,1
"Ukraine",1999,1,1,0,0,1
"United Arab Emirates",1981,0,0,0,0,0
"United Arab Emirates",1982,0,0,0,0,0
"United Arab Emirates",1983,0,0,0,0,0
"United Arab Emirates",1984,0,0,0,0,0
"United Arab Emirates",1985,0,0,0,0,0
"United Arab Emirates",1986,0,0,0,0,0
"United Arab Emirates",1987,0,0,0,0,0
"United Arab Emirates",1988,0,0,0,0,0
"United Arab Emirates",1989,0,0,0,0,0
"United Arab Emirates",1990,0,0,0,0,0
"United Arab Emirates",1991,0,0,0,0,0
"United Arab Emirates",1992,0,0,0,0,0
"United Arab Emirates",1993,0,0,0,0,0
"United Arab Emirates",1994,0,0,0,0,0
"United Arab Emirates",1995,0,0,0,0,0
"United Arab Emirates",1996,0,0,0,0,0
"United Arab Emirates",1997,0,0,0,0,0
"United Arab Emirates",1998,0,0,0,0,0
"United Arab Emirates",1999,0,0,0,0,0
"United Kingdom of Great Britain and Northern Ireland",1981,0,0,0,0,0
"United Kingdom of Great Britain and Northern Ireland",1982,0,0,0,0,0
"United Kingdom of Great Britain and Northern Ireland",1983,0,0,0,0,0
"United Kingdom of Great Britain and Northern Ireland",1984,0,0,0,0,0
"United Kingdom of Great Britain and Northern Ireland",1985,1,0,0,0,0
"United Kingdom of Great Britain and Northern Ireland",1986,1,0,0,0,0
"United Kingdom of Great Britain and Northern Ireland",1987,1,0,0,0,0
"United Kingdom of Great Britain and Northern Ireland",1988,1,1,0,0,1
"United Kingdom of Great Britain and Northern Ireland",1989,1,1,0,0,1
"United Kingdom of Great Britain and Northern Ireland",1990,1,1,0,0,1
"United Kingdom of Great Britain and Northern Ireland",1991,1,1,0,0,1
"United Kingdom of Great Britain and Northern Ireland",1992,1,1,0,0,1
"United Kingdom of Great Britain and Northern Ireland",1993,1,1,0,0,1
"United Kingdom of Great Britain and Northern Ireland",1994,1,1,0,0,1
"United Kingdom of Great Britain and Northern Ireland",1995,1,1,0,0,1
"United Kingdom of Great Britain and Northern Ireland",1996,1,1,0,0,1
"United Kingdom of Great Britain and Northern Ireland",1997,1,1,0,0,1
"United Kingdom of Great Britain and Northern Ireland",1998,1,1,0,0,1
"United Kingdom of Great Britain and Northern Ireland",1999,1,1,0,0,1
"United States of America",1981,0,0,0,0,0
"United States of America",1982,0,0,0,0,0
"United States of America",1983,0,0,0,0,0
"United States of America",1984,0,0,0,0,0
"United States of America",1985,0,0,0,0,0
"United States of America",1986,0,0,0,0,0
"United States of America",1987,0,0,0,0,0
"United States of America",1988,1,0,0,0,0
"United States of America",1989,1,0,0,0,0
"United States of America",1990,1,0,0,0,0
"United States of America",1991,1,0,0,0,0
"United States of America",1992,1,0,0,0,0
"United States of America",1993,1,0,0,0,0
"United States of America",1994,1,1,0,0,1
"United States of America",1995,1,1,0,0,1
"United States of America",1996,1,1,0,0,1
"United States of America",1997,1,1,0,0,1
"United States of America",1998,1,1,0,0,1
"United States of America",1999,1,1,0,0,1
"Uruguay",1981,0,0,0,0,0
"Uruguay",1982,0,0,0,0,0
"Uruguay",1983,0,0,0,0,0
"Uruguay",1984,0,0,0,0,0
"Uruguay",1985,1,0,0,0,0
"Uruguay",1986,1,1,0,0,1
"Uruguay",1987,1,1,0,0,1
"Uruguay",1988,1,1,0,0,1
"Uruguay",1989,1,1,0,0,1
"Uruguay",1990,1,1,0,0,1
"Uruguay",1991,1,1,0,0,1
"Uruguay",1992,1,1,0,0,1
"Uruguay",1993,1,1,0,0,1
"Uruguay",1994,1,1,0,0,1
"Uruguay",1995,1,1,0,0,1
"Uruguay",1996,1,1,0,0,1
"Uruguay",1997,1,1,0,0,1
"Uruguay",1998,1,1,0,0,1
"Uruguay",1999,1,1,0,0,1
"Uzbekistan",1981,0,0,0,0,0
"Uzbekistan",1982,0,0,0,0,0
"Uzbekistan",1983,0,0,0,0,0
"Uzbekistan",1984,0,0,0,0,0
"Uzbekistan",1985,0,0,0,0,0
"Uzbekistan",1986,0,0,0,0,0
"Uzbekistan",1987,0,0,0,0,0
"Uzbekistan",1988,0,0,0,0,0
"Uzbekistan",1989,0,0,0,0,0
"Uzbekistan",1990,0,0,0,0,0
"Uzbekistan",1991,0,0,0,0,0
"Uzbekistan",1992,0,0,0,0,0
"Uzbekistan",1993,0,0,0,0,0
"Uzbekistan",1994,0,0,0,0,0
"Uzbekistan",1995,0,0,1,0,1
"Uzbekistan",1996,0,0,1,0,1
"Uzbekistan",1997,0,0,1,0,1
"Uzbekistan",1998,0,0,1,0,1
"Uzbekistan",1999,0,0,1,0,1
"Vanuatu",1981,0,0,0,0,0
"Vanuatu",1982,0,0,0,0,0
"Vanuatu",1983,0,0,0,0,0
"Vanuatu",1984,0,0,0,0,0
"Vanuatu",1985,0,0,0,0,0
"Vanuatu",1986,0,0,0,0,0
"Vanuatu",1987,0,0,0,0,0
"Vanuatu",1988,0,0,0,0,0
"Vanuatu",1989,0,0,0,0,0
"Vanuatu",1990,0,0,0,0,0
"Vanuatu",1991,0,0,0,0,0
"Vanuatu",1992,0,0,0,0,0
"Vanuatu",1993,0,0,0,0,0
"Vanuatu",1994,0,0,0,0,0
"Vanuatu",1995,0,0,0,0,0
"Vanuatu",1996,0,0,0,0,0
"Vanuatu",1997,0,0,0,0,0
"Vanuatu",1998,0,0,0,0,0
"Vanuatu",1999,0,0,0,0,0
"Venezuela (Bolivarian Republic of)",1981,0,0,0,0,0
"Venezuela (Bolivarian Republic of)",1982,0,0,0,0,0
"Venezuela (Bolivarian Republic of)",1983,0,0,0,0,0
"Venezuela (Bolivarian Republic of)",1984,0,0,0,0,0
"Venezuela (Bolivarian Republic of)",1985,1,0,0,0,0
"Venezuela (Bolivarian Republic of)",1986,1,0,0,0,0
"Venezuela (Bolivarian Republic of)",1987,1,0,0,0,0
"Venezuela (Bolivarian Republic of)",1988,1,0,0,0,0
"Venezuela (Bolivarian Republic of)",1989,1,0,0,0,0
"Venezuela (Bolivarian Republic of)",1990,1,0,0,0,0
"Venezuela (Bolivarian Republic of)",1991,1,1,0,0,1
"Venezuela (Bolivarian Republic of)",1992,1,1,0,0,1
"Venezuela (Bolivarian Republic of)",1993,1,1,0,0,1
"Venezuela (Bolivarian Republic of)",1994,1,1,0,0,1
"Venezuela (Bolivarian Republic of)",1995,1,1,0,0,1
"Venezuela (Bolivarian Republic of)",1996,1,1,0,0,1
"Venezuela (Bolivarian Republic of)",1997,1,1,0,0,1
"Venezuela (Bolivarian Republic of)",1998,1,1,0,0,1
"Venezuela (Bolivarian Republic of)",1999,1,1,0,0,1
"Viet Nam",1981,0,0,0,0,0
"Viet Nam",1982,0,0,0,0,0
"Viet Nam",1983,0,0,0,0,0
"Viet Nam",1984,0,0,0,0,0
"Viet Nam",1985,0,0,0,0,0
"Viet Nam",1986,0,0,0,0,0
"Viet Nam",1987,0,0,0,0,0
"Viet Nam",1988,0,0,0,0,0
"Viet Nam",1989,0,0,0,0,0
"Viet Nam",1990,0,0,0,0,0
"Viet Nam",1991,0,0,0,0,0
"Viet Nam",1992,0,0,0,0,0
"Viet Nam",1993,0,0,0,0,0
"Viet Nam",1994,0,0,0,0,0
"Viet Nam",1995,0,0,0,0,0
"Viet Nam",1996,0,0,0,0,0
"Viet Nam",1997,0,0,0,0,0
"Viet Nam",1998,0,0,0,0,0
"Viet Nam",1999,0,0,0,0,0
"Yemen",1981,0,0,0,0,0
"Yemen",1982,0,0,0,0,0
"Yemen",1983,0,0,0,0,0
"Yemen",1984,0,0,0,0,0
"Yemen",1985,0,0,0,0,0
"Yemen",1986,0,0,0,0,0
"Yemen",1987,0,0,0,0,0
"Yemen",1988,0,0,0,0,0
"Yemen",1989,0,0,0,0,0
"Yemen",1990,0,0,0,0,0
"Yemen",1991,0,0,1,0,1
"Yemen",1992,0,0,1,0,1
"Yemen",1993,0,0,1,0,1
"Yemen",1994,0,0,1,0,1
"Yemen",1995,0,0,1,0,1
"Yemen",1996,0,0,1,0,1
"Yemen",1997,0,0,1,0,1
"Yemen",1998,0,0,1,0,1
"Yemen",1999,0,0,1,0,1
"Zambia",1981,0,0,0,0,0
"Zambia",1982,0,0,0,0,0
"Zambia",1983,0,0,0,0,0
"Zambia",1984,0,0,0,0,0
"Zambia",1985,0,0,0,0,0
"Zambia",1986,0,0,0,0,0
"Zambia",1987,0,0,0,0,0
"Zambia",1988,0,0,0,0,0
"Zambia",1989,0,0,0,0,0
"Zambia",1990,0,0,0,0,0
"Zambia",1991,0,0,0,0,0
"Zambia",1992,0,0,0,0,0
"Zambia",1993,0,0,0,0,0
"Zambia",1994,0,0,0,0,0
"Zambia",1995,0,0,0,0,0
"Zambia",1996,0,0,0,0,0
"Zambia",1997,0,0,0,0,0
"Zambia",1998,0,0,1,0,1
"Zambia",1999,0,0,1,0,1
